time;pac;freq;
09:29:58;0;50,00;
09:30:01;0;49,99;
09:30:04;0;50,00;
09:30:10;0;50,01;
09:30:16;0;50,00;
09:31:04;0;49,99;
09:31:10;0;50,00;
09:31:22;0;49,99;
09:31:25;0;50,00;
09:31:31;0;49,99;
09:31:43;0;49,98;
09:32:01;0;49,99;
09:32:04;0;49,98;
09:32:07;0;49,99;
09:32:40;0;50,00;
09:33:22;0;50,01;
09:33:28;0;50,00;
09:34:13;0;49,99;
09:34:37;0;50,00;
09:34:46;0;49,99;
09:34:55;0;49,98;
09:35:01;0;49,99;
09:35:28;0;49,98;
09:35:43;0;49,99;
09:36:25;0;49,98;
09:36:34;0;49,99;
09:36:58;0;49,98;
09:37:10;0;49,97;
09:37:16;0;49,96;
09:37:28;0;49,97;
09:37:34;0;49,98;
09:37:43;0;49,99;
09:37:58;0;50,00;
09:38:10;0;50,01;
09:38:16;0;50,00;
09:38:34;0;49,99;
09:38:40;0;49,98;
09:38:58;0;49,99;
09:39:04;0;50,00;
09:39:22;0;49,99;
09:39:25;0;50,00;
09:39:28;0;49,99;
09:39:46;0;50,00;
09:39:58;0;50,01;
09:40:04;0;50,00;
09:40:10;0;49,99;
09:40:13;0;49,98;
09:40:49;0;49,99;
09:40:52;0;49,98;
09:41:01;0;49,99;
09:41:31;0;49,98;
09:41:46;0;49,97;
09:41:52;0;49,98;
09:41:58;0;49,99;
09:42:04;0;50,00;
09:42:22;0;49,99;
09:42:31;0;49,98;
09:42:37;0;49,99;
09:43:01;0;50,00;
09:43:34;0;49,99;
09:44:04;0;49,98;
09:44:10;0;49,99;
09:44:13;0;49,98;
09:44:16;0;49,99;
09:44:25;0;50,00;
09:44:34;0;49,99;
09:44:46;0;49,98;
09:45:31;0;49,97;
09:45:43;0;49,98;
09:45:58;0;49,99;
09:46:16;0;49,98;
09:46:22;0;49,99;
09:46:25;0;49,98;
09:46:40;0;49,99;
09:47:04;0;50,00;
09:47:22;0;49,99;
09:47:31;0;49,98;
09:47:46;0;49,99;
09:47:52;0;50,00;
09:48:04;0;49,99;
09:48:28;0;49,98;
09:48:31;0;49,97;
09:48:52;0;49,98;
09:49:13;0;49,99;
09:49:16;0;49,98;
09:49:19;0;49,99;
09:49:25;0;50,00;
09:49:52;0;49,99;
09:50:25;0;49,98;
09:50:37;0;49,99;
09:50:43;0;50,00;
09:50:58;0;49,99;
09:51:07;0;50,00;
09:51:19;0;49,99;
09:51:25;0;49,98;
09:51:49;0;49,99;
09:51:55;0;50,00;
09:52:01;0;50,01;
09:52:19;0;50,00;
09:52:25;0;49,99;
09:52:31;0;49,98;
09:52:52;0;49,97;
09:52:55;0;49,98;
09:53:13;0;49,99;
09:53:19;0;50,00;
09:53:40;0;49,99;
09:53:49;0;49,98;
09:53:52;0;49,99;
09:53:55;0;49,98;
09:54:04;0;49,99;
09:54:19;0;49,98;
09:54:31;0;49,97;
09:54:37;0;49,96;
09:54:43;0;49,98;
09:54:49;0;49,99;
09:54:55;0;50,00;
09:54:58;0;49,99;
09:55:01;0;50,00;
09:55:58;0;50,01;
09:56:07;0;50,00;
09:57:04;0;50,01;
09:57:13;0;50,00;
09:57:22;0;49,99;
09:57:34;0;49,98;
09:57:52;0;49,99;
09:57:55;0;50,00;
09:58:25;0;49,99;
09:58:34;0;50,00;
09:59:01;0;50,01;
09:59:04;0;50,00;
09:59:25;0;49,99;
10:00:07;0;49,98;
10:00:22;0;49,97;
10:00:25;0;49,98;
10:00:28;0;49,97;
10:00:37;0;49,98;
10:00:52;0;49,97;
10:00:55;0;49,98;
10:01:22;0;49,97;
10:01:25;0;49,96;
10:01:31;0;49,97;
10:01:49;0;49,98;
10:02:01;0;49,97;
10:02:31;0;49,98;
10:02:34;0;49,97;
10:02:43;0;49,96;
10:03:07;0;49,97;
10:03:13;0;49,98;
10:03:25;0;49,97;
10:03:34;0;49,98;
10:03:49;0;49,99;
10:03:55;0;49,98;
10:04:01;0;49,97;
10:04:19;0;49,98;
10:04:31;0;49,97;
10:04:34;0;49,98;
10:04:40;0;49,97;
10:04:46;0;49,98;
10:05:31;0;49,97;
10:05:34;0;49,96;
10:05:46;0;49,97;
10:05:58;0;49,98;
10:06:04;0;49,97;
10:06:07;0;49,98;
10:06:28;0;49,97;
10:06:34;0;49,98;
10:06:46;0;49,99;
10:06:52;0;50,00;
10:07:04;0;49,99;
10:07:16;0;49,98;
10:07:40;0;49,97;
10:07:49;0;49,98;
10:08:10;0;49,97;
10:08:22;0;49,98;
10:08:31;0;49,97;
10:08:40;0;49,98;
10:08:55;0;49,99;
10:09:22;0;49,98;
10:09:49;0;49,99;
10:09:55;0;50,00;
10:10:07;0;49,99;
10:10:13;0;49,98;
10:10:16;0;49,99;
10:10:19;0;49,98;
10:10:31;0;49,97;
10:10:34;0;49,96;
10:10:49;0;49,97;
10:11:01;0;49,98;
10:11:13;0;49,99;
10:11:22;0;49,98;
10:11:43;0;49,97;
10:12:31;0;49,98;
10:12:46;0;49,97;
10:12:49;0;49,98;
10:13:01;0;49,99;
10:13:07;0;49,98;
10:13:16;0;49,99;
10:13:31;0;50,00;
10:13:43;0;49,99;
10:13:55;0;49,98;
10:14:10;0;49,99;
10:14:16;0;50,00;
10:14:28;0;49,99;
10:14:34;0;49,98;
10:15:13;0;49,99;
10:15:19;0;49,98;
10:15:34;0;49,97;
10:15:49;0;49,98;
10:15:58;0;49,99;
10:16:04;0;49,98;
10:17:04;0;49,99;
10:17:10;0;50,00;
10:17:22;0;49,99;
10:17:31;0;49,98;
10:18:07;0;49,97;
10:18:13;0;49,98;
10:18:22;0;49,97;
10:18:25;0;49,98;
10:18:40;0;49,99;
10:19:04;0;50,00;
10:19:07;0;49,99;
10:19:34;0;50,00;
10:19:37;0;49,99;
10:19:40;0;50,00;
10:19:43;0;49,99;
10:19:46;0;50,00;
10:20:25;0;49,99;
10:20:28;0;50,00;
10:20:37;0;49,99;
10:20:43;0;50,00;
10:20:52;0;50,01;
10:20:58;0;50,00;
10:21:07;0;49,99;
10:21:25;0;49,98;
10:21:52;0;49,99;
10:22:25;0;49,98;
10:22:34;0;49,99;
10:22:43;0;49,98;
10:22:49;0;49,99;
10:22:55;0;50,00;
10:23:40;0;49,99;
10:23:49;0;50,00;
10:25:16;0;49,99;
10:25:25;0;50,00;
10:25:28;0;49,99;
10:25:40;0;49,98;
10:25:46;0;49,97;
10:25:58;0;49,98;
10:26:04;0;49,99;
10:26:13;0;50,00;
10:26:34;0;49,99;
10:26:58;0;49,98;
10:27:07;0;49,99;
10:27:13;0;50,00;
10:27:52;0;49,99;
10:28:01;0;50,00;
10:28:25;0;49,99;
10:28:31;0;50,00;
10:28:43;0;50,01;
10:28:49;0;50,00;
10:29:07;0;49,99;
10:29:19;0;49,98;
10:29:55;0;49,99;
10:29:58;0;49,98;
10:30:04;0;49,99;
10:30:07;0;49,98;
10:30:25;0;49,97;
10:30:34;0;49,96;
10:30:49;0;49,97;
10:31:04;0;49,98;
10:31:13;0;49,97;
10:31:40;0;49,98;
10:31:43;0;49,97;
10:31:58;0;49,96;
10:32:04;0;49,97;
10:32:07;0;49,98;
10:32:10;0;49,97;
10:32:40;0;49,96;
10:32:46;0;49,97;
10:33:37;0;49,98;
10:34:22;0;49,97;
10:34:28;0;49,96;
10:34:34;0;49,97;
10:34:40;0;49,98;
10:34:43;0;49,97;
10:34:46;0;49,98;
10:34:49;0;49,97;
10:34:55;0;49,96;
10:34:58;0;49,97;
10:35:13;0;49,98;
10:35:16;0;49,97;
10:35:22;0;49,98;
10:35:46;0;49,97;
10:36:01;0;49,98;
10:36:10;0;49,97;
10:36:13;0;49,98;
10:36:25;0;49,97;
10:36:31;0;49,98;
10:37:04;0;49,99;
10:37:13;0;50,00;
10:37:25;0;49,99;
10:37:34;0;49,98;
10:38:31;0;49,99;
10:38:40;0;50,00;
10:38:55;0;49,99;
10:39:07;0;50,00;
10:39:16;0;50,01;
10:39:19;0;50,00;
10:39:31;0;49,99;
10:39:40;0;49,98;
10:39:52;0;49,97;
10:39:58;0;49,98;
10:40:04;0;49,99;
10:40:22;0;49,98;
10:40:28;0;49,99;
10:40:31;0;49,98;
10:40:58;0;49,99;
10:41:07;0;50,00;
10:41:34;0;50,01;
10:41:52;0;50,00;
10:42:04;0;50,01;
10:42:07;0;50,00;
10:42:58;0;50,01;
10:43:07;0;50,00;
10:43:10;0;50,01;
10:43:25;0;50,02;
10:43:31;0;50,01;
10:43:34;0;50,02;
10:43:40;0;50,01;
10:44:19;0;50,00;
10:44:40;0;50,01;
10:45:13;0;50,00;
10:46:07;0;50,01;
10:46:28;0;50,00;
10:47:13;0;50,01;
10:47:28;0;50,00;
10:47:31;0;49,99;
10:47:43;0;49,98;
10:48:01;0;49,99;
10:48:07;0;50,00;
10:48:28;0;49,99;
10:48:43;0;50,00;
10:49:31;0;49,99;
10:49:34;0;50,00;
10:49:46;0;50,01;
10:50:04;0;50,00;
10:50:13;0;49,99;
10:51:04;0;50,00;
10:51:10;0;49,99;
10:51:13;0;50,00;
10:51:22;0;49,99;
10:51:40;0;49,98;
10:51:49;0;49,99;
10:51:58;0;50,00;
10:52:04;0;49,99;
10:52:13;0;50,00;
10:52:34;0;49,99;
10:52:43;0;49,98;
10:52:52;0;50,00;
10:53:04;0;50,01;
10:53:28;0;50,00;
10:53:34;0;50,01;
10:54:13;0;50,00;
10:54:37;0;50,01;
10:54:52;0;50,00;
10:54:55;0;50,01;
10:55:04;0;50,00;
10:55:07;0;50,01;
10:55:31;0;50,00;
10:56:25;0;49,99;
10:56:40;0;50,00;
10:57:10;0;49,99;
10:57:13;0;50,00;
10:57:16;0;49,99;
10:57:22;0;49,98;
10:57:31;0;49,97;
10:57:34;0;49,96;
10:57:43;0;49,97;
10:57:49;0;49,98;
10:58:16;0;49,99;
10:58:25;0;50,00;
10:58:46;0;49,99;
10:58:52;0;49,98;
10:59:04;0;49,99;
10:59:16;0;49,98;
10:59:19;0;49,99;
10:59:22;0;49,98;
10:59:25;0;49,99;
10:59:28;0;49,98;
11:00:40;0;49,97;
11:00:43;0;49,96;
11:00:49;0;49,95;
11:00:58;0;49,94;
11:01:04;0;49,95;
11:01:22;0;49,94;
11:01:28;0;49,95;
11:01:37;0;49,96;
11:01:46;0;49,95;
11:01:58;0;49,96;
11:02:16;0;49,95;
11:02:34;0;49,96;
11:03:01;0;49,97;
11:03:13;0;49,96;
11:03:34;0;49,97;
11:03:37;0;49,96;
11:03:43;0;49,97;
11:03:49;0;49,96;
11:03:55;0;49,97;
11:04:01;0;49,96;
11:04:31;0;49,97;
11:04:34;0;49,96;
11:04:37;0;49,97;
11:05:04;0;49,98;
11:05:31;0;49,99;
11:05:37;0;50,00;
11:05:46;0;49,99;
11:05:52;0;49,98;
11:06:01;0;49,97;
11:06:25;0;49,98;
11:06:52;0;49,99;
11:06:58;0;49,98;
11:07:01;0;49,99;
11:07:07;0;49,98;
11:07:19;0;49,99;
11:07:28;0;50,00;
11:07:31;0;49,99;
11:07:37;0;49,98;
11:08:22;0;49,99;
11:08:25;0;50,00;
11:08:37;0;49,99;
11:08:43;0;49,98;
11:08:55;0;49,99;
11:09:04;0;50,00;
11:09:28;0;49,99;
11:09:40;0;50,00;
11:09:52;0;49,99;
11:10:13;0;50,00;
11:10:22;0;50,01;
11:10:31;0;50,00;
11:10:40;0;49,98;
11:11:16;0;49,99;
11:11:22;0;50,00;
11:11:31;0;49,99;
11:11:46;0;50,00;
11:12:01;0;50,01;
11:12:07;0;50,00;
11:12:16;0;49,99;
11:12:22;0;49,98;
11:12:28;0;49,97;
11:12:43;0;49,98;
11:12:55;0;49,99;
11:13:01;0;50,00;
11:13:43;0;50,01;
11:14:01;0;50,00;
11:14:19;0;49,99;
11:14:25;0;49,98;
11:14:37;0;49,99;
11:14:43;0;50,00;
11:14:55;0;50,01;
11:15:13;0;50,00;
11:15:34;0;49,99;
11:15:37;0;50,00;
11:16:01;0;49,99;
11:16:04;0;50,00;
11:16:10;0;49,99;
11:16:13;0;50,00;
11:16:25;0;50,01;
11:16:49;0;50,00;
11:16:55;0;50,01;
11:17:10;0;50,00;
11:17:40;0;49,99;
11:17:46;0;49,98;
11:18:04;0;49,99;
11:18:16;0;50,00;
11:18:28;0;49,99;
11:18:40;0;50,00;
11:18:55;0;50,01;
11:19:04;0;50,00;
11:19:37;0;50,01;
11:19:40;0;50,00;
11:20:34;0;49,99;
11:20:43;0;49,98;
11:20:52;0;49,97;
11:21:10;0;49,98;
11:21:22;0;49,99;
11:21:43;0;50,00;
11:21:52;0;49,99;
11:22:01;0;50,00;
11:22:04;0;49,99;
11:22:25;0;50,00;
11:22:40;0;49,99;
11:22:52;0;49,98;
11:22:58;0;49,99;
11:23:04;0;50,00;
11:23:28;0;49,99;
11:23:37;0;49,98;
11:23:40;0;49,99;
11:24:10;0;50,00;
11:24:25;0;49,99;
11:24:34;0;50,00;
11:24:37;0;49,99;
11:24:43;0;50,00;
11:25:28;0;49,99;
11:25:37;0;50,00;
11:25:40;0;49,99;
11:25:43;0;50,00;
11:25:46;0;49,99;
11:26:25;0;50,00;
11:26:28;0;49,99;
11:27:04;0;50,00;
11:27:58;0;49,99;
11:28:04;0;50,00;
11:28:16;0;49,99;
11:28:28;0;49,98;
11:29:19;0;49,99;
11:29:22;0;49,98;
11:29:34;0;49,97;
11:29:52;0;49,98;
11:29:55;0;49,99;
11:30:01;0;50,00;
11:30:25;0;49,99;
11:30:28;0;49,98;
11:30:34;0;49,97;
11:30:52;0;49,96;
11:31:01;0;49,97;
11:31:10;0;49,98;
11:31:22;0;49,97;
11:31:37;0;49,98;
11:31:43;0;49,99;
11:31:58;0;49,98;
11:32:07;0;49,99;
11:32:10;0;49,98;
11:32:19;0;49,97;
11:32:25;0;49,96;
11:32:49;0;49,97;
11:33:01;0;49,98;
11:33:25;0;49,99;
11:33:37;0;49,98;
11:34:16;0;49,97;
11:34:31;0;49,98;
11:34:46;0;49,99;
11:34:52;0;50,00;
11:35:07;0;49,99;
11:35:16;0;49,98;
11:35:37;0;49,99;
11:35:40;0;49,98;
11:35:58;0;49,99;
11:36:04;0;50,00;
11:36:13;0;49,99;
11:36:16;0;50,00;
11:36:34;0;49,99;
11:36:40;0;49,98;
11:37:04;0;49,99;
11:37:10;0;50,00;
11:37:19;0;50,01;
11:37:31;0;50,00;
11:37:34;0;50,01;
11:37:37;0;50,00;
11:37:52;0;49,99;
11:38:10;0;49,98;
11:38:22;0;49,97;
11:38:31;0;49,98;
11:39:25;0;49,97;
11:39:37;0;49,98;
11:39:49;0;49,99;
11:40:07;0;50,00;
11:40:13;0;49,99;
11:40:22;0;50,00;
11:40:31;0;49,99;
11:40:34;0;49,98;
11:40:37;0;49,97;
11:40:43;0;49,96;
11:40:52;0;49,97;
11:41:04;0;49,98;
11:41:07;0;49,97;
11:41:19;0;49,98;
11:41:31;0;49,99;
11:41:37;0;49,98;
11:41:49;0;49,99;
11:42:16;0;49,98;
11:42:28;0;49,97;
11:42:31;0;49,98;
11:42:46;0;49,99;
11:42:55;0;50,00;
11:43:28;0;49,99;
11:43:34;0;50,00;
11:43:37;0;49,99;
11:43:40;0;50,00;
11:43:52;0;49,99;
11:44:01;0;49,98;
11:44:25;0;49,99;
11:44:55;0;49,98;
11:45:01;0;49,99;
11:45:10;0;50,00;
11:45:16;0;49,99;
11:45:25;0;49,98;
11:45:31;0;49,97;
11:45:34;0;49,96;
11:45:58;0;49,97;
11:46:10;0;49,98;
11:46:28;0;49,97;
11:46:34;0;49,96;
11:46:43;0;49,97;
11:46:52;0;49,96;
11:46:58;0;49,97;
11:47:01;0;49,96;
11:47:04;0;49,97;
11:47:07;0;49,96;
11:47:10;0;49,97;
11:47:19;0;49,98;
11:47:22;0;49,97;
11:47:37;0;49,98;
11:48:22;0;49,97;
11:48:31;0;49,96;
11:48:34;0;49,97;
11:48:49;0;49,98;
11:49:07;0;49,99;
11:49:13;0;50,00;
11:49:22;0;49,99;
11:49:55;0;50,00;
11:50:13;0;49,99;
11:50:19;0;49,98;
11:50:55;0;49,99;
11:51:01;0;50,00;
11:51:10;0;50,01;
11:51:13;0;50,00;
11:51:28;0;49,99;
11:51:40;0;49,98;
11:51:43;0;49,99;
11:51:55;0;50,00;
11:52:07;0;49,99;
11:52:16;0;49,98;
11:52:43;0;49,99;
11:52:52;0;50,00;
11:52:55;0;50,01;
11:53:04;0;50,00;
11:53:37;0;50,01;
11:53:46;0;50,02;
11:53:58;0;50,01;
11:54:13;0;50,00;
11:54:31;0;49,99;
11:54:34;0;50,00;
11:54:58;0;50,01;
11:55:10;0;50,00;
11:55:22;0;49,99;
11:55:28;0;50,00;
11:56:28;0;50,01;
11:56:34;0;50,00;
11:56:58;0;50,01;
11:57:10;0;50,00;
11:57:25;0;49,99;
11:57:37;0;50,00;
11:58:07;0;50,01;
11:58:10;0;50,00;
11:58:52;0;50,01;
11:59:19;0;50,02;
11:59:55;0;50,03;
12:00:07;0;50,02;
12:00:13;0;50,00;
12:00:28;0;49,99;
12:00:37;0;49,98;
12:00:43;0;49,97;
12:00:46;0;49,96;
12:00:49;0;49,95;
12:00:58;0;49,94;
12:01:01;0;49,95;
12:01:31;0;49,96;
12:01:34;0;49,95;
12:02:10;0;49,94;
12:02:13;0;49,95;
12:02:19;0;49,94;
12:02:31;0;49,95;
12:02:40;0;49,96;
12:03:04;0;49,97;
12:03:16;0;49,96;
12:03:22;0;49,95;
12:03:25;0;49,96;
12:03:28;0;49,95;
12:03:34;0;49,94;
12:03:40;0;49,95;
12:03:49;0;49,94;
12:03:55;0;49,95;
12:04:04;0;49,96;
12:04:16;0;49,95;
12:04:22;0;49,94;
12:04:46;0;49,93;
12:05:01;0;49,94;
12:05:16;0;49,95;
12:05:31;0;49,96;
12:05:34;0;49,95;
12:05:58;0;49,96;
12:06:19;0;49,95;
12:06:31;0;49,94;
12:06:37;0;49,95;
12:06:43;0;49,96;
12:06:52;0;49,97;
12:06:55;0;49,98;
12:07:16;0;49,97;
12:07:43;0;49,96;
12:07:49;0;49,97;
12:08:01;0;49,98;
12:08:13;0;49,97;
12:08:19;0;49,98;
12:08:46;0;49,97;
12:08:49;0;49,98;
12:08:55;0;49,99;
12:09:25;0;49,97;
12:09:31;0;49,96;
12:09:40;0;49,97;
12:09:43;0;49,96;
12:09:46;0;49,97;
12:09:49;0;49,98;
12:10:13;0;49,97;
12:10:19;0;49,96;
12:10:22;0;49,97;
12:10:31;0;49,98;
12:10:46;0;49,97;
12:10:55;0;49,98;
12:11:22;0;49,97;
12:11:46;0;49,98;
12:11:55;0;49,97;
12:11:58;0;49,98;
12:12:01;0;49,97;
12:12:04;0;49,98;
12:12:25;0;49,99;
12:12:28;0;49,98;
12:12:43;0;49,97;
12:12:46;0;49,98;
12:12:55;0;49,99;
12:12:58;0;50,00;
12:13:13;0;50,01;
12:13:31;0;50,00;
12:14:16;0;49,99;
12:14:22;0;49,98;
12:14:25;0;49,99;
12:14:40;0;50,00;
12:14:46;0;49,99;
12:14:52;0;50,00;
12:15:22;0;49,99;
12:15:28;0;49,98;
12:15:46;0;49,99;
12:15:49;0;50,00;
12:15:55;0;50,01;
12:16:01;0;50,00;
12:16:13;0;49,99;
12:16:25;719;49,98;
12:16:28;743;49,98;
12:16:31;735;49,98;
12:16:34;732;49,98;
12:16:37;749;49,99;
12:16:40;748;49,99;
12:16:43;753;49,99;
12:16:46;757;49,99;
12:16:49;758;49,99;
12:16:52;756;49,99;
12:16:55;761;49,99;
12:16:58;759;49,99;
12:17:01;760;50,00;
12:17:04;764;50,00;
12:17:07;766;50,00;
12:17:10;755;50,00;
12:17:13;764;50,00;
12:17:16;769;50,00;
12:17:19;770;49,99;
12:17:22;774;49,99;
12:17:25;773;49,99;
12:17:31;779;49,99;
12:17:34;784;50,00;
12:17:37;780;50,00;
12:17:40;783;50,00;
12:17:43;784;50,00;
12:17:46;789;50,00;
12:17:49;788;50,00;
12:17:52;785;50,00;
12:17:55;781;50,01;
12:17:58;771;50,01;
12:18:01;788;50,00;
12:18:04;795;50,00;
12:18:07;786;50,00;
12:18:10;794;50,00;
12:18:13;798;50,00;
12:18:19;795;49,99;
12:18:22;802;49,99;
12:18:25;794;49,99;
12:18:28;802;49,98;
12:18:31;794;49,98;
12:18:37;809;49,99;
12:18:40;805;49,99;
12:18:43;806;49,99;
12:18:46;801;49,99;
12:18:49;818;49,99;
12:18:52;814;49,99;
12:18:55;819;49,99;
12:18:58;822;50,00;
12:19:01;828;50,00;
12:19:04;829;50,00;
12:19:07;825;49,99;
12:19:10;822;50,00;
12:19:13;834;50,00;
12:19:19;835;50,00;
12:19:22;828;50,00;
12:19:25;835;50,00;
12:19:28;826;50,00;
12:19:31;833;50,01;
12:19:34;822;50,00;
12:19:37;827;50,00;
12:19:43;821;50,00;
12:19:46;811;50,00;
12:19:49;815;50,00;
12:19:52;811;50,00;
12:19:55;806;50,00;
12:19:58;796;50,00;
12:20:01;798;50,00;
12:20:04;799;50,00;
12:20:07;795;50,00;
12:20:10;789;50,00;
12:20:13;791;50,00;
12:20:16;783;50,00;
12:20:19;783;50,01;
12:20:22;773;50,01;
12:20:28;785;50,01;
12:20:31;779;50,01;
12:20:34;789;50,01;
12:20:37;787;50,00;
12:20:40;790;50,00;
12:20:43;795;50,00;
12:20:49;798;50,00;
12:20:52;801;50,00;
12:20:55;806;50,00;
12:20:58;812;50,00;
12:21:01;804;50,01;
12:21:04;819;50,01;
12:21:07;818;50,01;
12:21:10;822;50,01;
12:21:13;816;50,01;
12:21:16;823;50,01;
12:21:19;822;50,01;
12:21:22;814;50,01;
12:21:25;821;50,01;
12:21:28;819;50,00;
12:21:34;819;50,01;
12:21:37;815;50,01;
12:21:40;813;50,01;
12:21:43;818;50,01;
12:21:46;813;50,01;
12:21:49;807;50,01;
12:21:52;812;50,01;
12:21:55;808;50,01;
12:21:58;810;50,01;
12:22:01;806;50,01;
12:22:04;808;50,01;
12:22:07;802;50,01;
12:22:16;805;50,01;
12:22:19;796;50,01;
12:22:22;797;50,00;
12:22:25;786;50,00;
12:22:28;793;50,00;
12:22:31;792;50,00;
12:22:34;790;50,00;
12:22:40;788;49,99;
12:22:43;783;49,99;
12:22:46;784;49,99;
12:22:49;777;49,98;
12:22:52;781;49,99;
12:22:55;774;49,98;
12:22:58;773;49,98;
12:23:01;776;49,98;
12:23:04;772;49,99;
12:23:07;765;49,99;
12:23:10;771;49,98;
12:23:13;763;49,98;
12:23:16;768;49,98;
12:23:19;762;49,98;
12:23:22;761;49,98;
12:23:25;759;49,98;
12:23:28;758;49,98;
12:23:31;750;49,98;
12:23:34;758;49,98;
12:23:37;754;49,98;
12:23:40;753;49,98;
12:23:46;751;49,98;
12:23:49;753;49,98;
12:23:52;751;49,98;
12:23:55;745;49,98;
12:23:58;748;49,98;
12:24:01;749;49,98;
12:24:04;746;49,98;
12:24:07;747;49,98;
12:24:10;744;49,98;
12:24:13;743;49,98;
12:24:16;741;49,97;
12:24:22;739;49,98;
12:24:25;742;49,98;
12:24:28;741;49,98;
12:24:34;735;49,98;
12:24:37;737;49,98;
12:24:40;735;49,98;
12:24:43;736;49,98;
12:24:46;729;49,98;
12:24:49;731;49,97;
12:24:52;733;49,97;
12:24:55;731;49,98;
12:24:58;728;49,98;
12:25:01;732;49,99;
12:25:04;733;49,99;
12:25:07;735;49,99;
12:25:10;730;50,00;
12:25:13;735;50,00;
12:25:16;734;49,99;
12:25:19;733;49,99;
12:25:22;726;49,99;
12:25:25;730;49,98;
12:25:28;724;49,98;
12:25:31;723;49,98;
12:25:37;721;49,98;
12:25:40;720;49,98;
12:25:43;714;49,98;
12:25:46;707;49,98;
12:25:49;709;49,98;
12:25:52;710;49,98;
12:25:55;707;49,99;
12:25:58;703;50,00;
12:26:01;698;50,00;
12:26:04;695;50,00;
12:26:07;692;50,00;
12:26:10;686;50,00;
12:26:13;684;49,99;
12:26:19;679;49,99;
12:26:22;678;49,99;
12:26:28;680;49,99;
12:26:31;678;50,00;
12:26:34;676;50,00;
12:26:37;675;50,00;
12:26:43;676;50,00;
12:26:46;675;50,00;
12:26:49;678;50,00;
12:26:52;672;50,00;
12:26:55;678;50,00;
12:27:01;674;50,00;
12:27:04;678;49,99;
12:27:07;680;49,99;
12:27:10;682;49,99;
12:27:13;683;50,00;
12:27:19;684;50,00;
12:27:22;686;50,00;
12:27:25;687;50,00;
12:27:28;690;50,00;
12:27:31;692;50,00;
12:27:37;694;50,00;
12:27:40;695;50,00;
12:27:43;693;50,00;
12:27:49;701;50,01;
12:27:52;704;50,01;
12:27:55;705;50,01;
12:27:58;700;50,01;
12:28:01;705;50,00;
12:28:10;703;50,00;
12:28:13;707;50,00;
12:28:16;708;50,00;
12:28:19;707;50,00;
12:28:22;710;50,01;
12:28:25;709;50,01;
12:28:28;713;50,01;
12:28:31;712;50,01;
12:28:34;713;50,01;
12:28:37;715;50,00;
12:28:40;716;50,00;
12:28:43;711;50,00;
12:28:46;717;50,00;
12:28:49;714;50,00;
12:28:55;717;50,00;
12:28:58;722;50,00;
12:29:01;720;50,01;
12:29:04;725;50,01;
12:29:07;729;50,01;
12:29:10;734;50,01;
12:29:16;729;50,01;
12:29:19;738;50,01;
12:29:22;744;50,01;
12:29:25;748;50,01;
12:29:28;753;50,01;
12:29:31;758;50,01;
12:29:34;761;50,01;
12:29:40;776;50,01;
12:29:43;781;50,01;
12:29:46;792;50,00;
12:29:49;796;50,00;
12:29:52;806;50,01;
12:29:55;813;50,01;
12:29:58;816;50,01;
12:30:01;823;50,01;
12:30:04;840;50,01;
12:30:07;851;50,01;
12:30:10;865;50,00;
12:30:13;867;50,00;
12:30:16;885;50,00;
12:30:19;889;49,99;
12:30:22;893;49,99;
12:30:25;907;49,98;
12:30:28;916;49,98;
12:30:31;924;49,98;
12:30:34;936;49,97;
12:30:37;942;49,97;
12:30:40;949;49,97;
12:30:46;961;49,98;
12:30:49;966;49,98;
12:30:52;975;49,98;
12:30:55;978;49,98;
12:30:58;985;49,98;
12:31:01;987;49,98;
12:31:04;988;49,98;
12:31:07;996;49,98;
12:31:10;1006;49,99;
12:31:13;1010;49,99;
12:31:16;1018;49,99;
12:31:19;1023;50,00;
12:31:22;1029;50,00;
12:31:25;1028;50,00;
12:31:28;1023;50,00;
12:31:31;1043;49,99;
12:31:34;1050;49,99;
12:31:37;1057;49,99;
12:31:40;1067;49,98;
12:31:43;1069;49,98;
12:31:46;1074;49,98;
12:31:52;1086;49,99;
12:31:55;1095;49,99;
12:31:58;1101;50,00;
12:32:01;1109;50,00;
12:32:04;1113;50,00;
12:32:07;1122;50,00;
12:32:10;1126;50,00;
12:32:13;1134;50,00;
12:32:16;1141;50,00;
12:32:19;1150;50,00;
12:32:22;1159;50,00;
12:32:25;1163;50,00;
12:32:28;1166;50,00;
12:32:31;1174;49,99;
12:32:34;1178;50,00;
12:32:37;1185;50,00;
12:32:43;1194;49,99;
12:32:46;1185;49,99;
12:32:49;1197;49,99;
12:32:52;1207;49,99;
12:32:58;1200;49,99;
12:33:01;1211;49,99;
12:33:04;1219;50,00;
12:33:07;1216;50,00;
12:33:10;1210;50,00;
12:33:13;1221;50,00;
12:33:16;1222;50,00;
12:33:19;1229;50,00;
12:33:22;1220;50,00;
12:33:25;1228;50,00;
12:33:28;1234;50,00;
12:33:31;1232;50,00;
12:33:34;1224;50,00;
12:33:37;1233;50,00;
12:33:43;1229;50,00;
12:33:46;1234;50,00;
12:33:49;1238;50,00;
12:33:52;1234;50,00;
12:33:55;1231;50,00;
12:33:58;1235;50,00;
12:34:01;1227;50,00;
12:34:04;1234;50,01;
12:34:07;1237;50,01;
12:34:10;1244;50,01;
12:34:13;1227;50,01;
12:34:16;1237;50,01;
12:34:19;1242;50,01;
12:34:22;1238;50,01;
12:34:25;1237;50,01;
12:34:28;1239;50,01;
12:34:31;1238;50,01;
12:34:34;1239;50,01;
12:34:43;1234;50,01;
12:34:49;1239;50,01;
12:34:52;1237;50,01;
12:34:55;1232;50,01;
12:34:58;1234;50,01;
12:35:01;1233;50,01;
12:35:04;1232;50,00;
12:35:07;1233;50,00;
12:35:10;1226;50,00;
12:35:13;1222;50,00;
12:35:16;1227;50,00;
12:35:19;1228;49,99;
12:35:22;1225;50,00;
12:35:25;1218;50,00;
12:35:28;1223;50,01;
12:35:31;1222;50,01;
12:35:34;1221;50,01;
12:35:37;1213;50,01;
12:35:40;1220;50,01;
12:35:43;1224;50,00;
12:35:46;1219;50,01;
12:35:49;1209;50,00;
12:35:55;1222;50,00;
12:35:58;1218;50,00;
12:36:01;1212;50,00;
12:36:04;1217;50,01;
12:36:07;1221;50,00;
12:36:10;1217;50,00;
12:36:13;1217;50,01;
12:36:16;1209;50,00;
12:36:19;1217;50,01;
12:36:22;1214;50,00;
12:36:25;1206;50,00;
12:36:28;1213;49,99;
12:36:31;1214;49,99;
12:36:34;1212;49,99;
12:36:37;1210;49,99;
12:36:40;1211;49,98;
12:36:43;1215;49,99;
12:36:46;1203;49,99;
12:36:49;1199;49,99;
12:36:52;1213;50,00;
12:36:55;1211;50,00;
12:37:01;1197;50,00;
12:37:04;1205;50,00;
12:37:07;1205;50,01;
12:37:10;1201;50,01;
12:37:13;1203;50,00;
12:37:16;1199;50,00;
12:37:22;1197;50,00;
12:37:25;1195;50,00;
12:37:28;1197;50,00;
12:37:31;1194;49,99;
12:37:34;1187;50,00;
12:37:37;1186;50,00;
12:37:40;1179;50,00;
12:37:43;1185;50,00;
12:37:46;1189;50,00;
12:37:49;1181;50,00;
12:37:52;1175;50,00;
12:37:55;1179;50,00;
12:37:58;1182;50,00;
12:38:01;1178;50,00;
12:38:07;1175;50,00;
12:38:10;1168;49,99;
12:38:13;1166;49,99;
12:38:16;1159;49,99;
12:38:19;1163;49,98;
12:38:22;1168;49,98;
12:38:25;1160;49,98;
12:38:28;1165;49,98;
12:38:31;1162;49,98;
12:38:34;1154;49,98;
12:38:37;1160;49,98;
12:38:40;1158;49,98;
12:38:43;1154;49,98;
12:38:46;1143;49,99;
12:38:52;1152;50,00;
12:38:55;1149;49,99;
12:38:58;1141;50,00;
12:39:01;1146;50,00;
12:39:04;1143;50,00;
12:39:07;1142;50,00;
12:39:10;1140;50,00;
12:39:13;1134;50,00;
12:39:16;1124;50,00;
12:39:19;1131;50,00;
12:39:22;1132;50,00;
12:39:25;1128;50,00;
12:39:28;1134;50,00;
12:39:31;1130;49,99;
12:39:34;1128;49,99;
12:39:37;1127;49,98;
12:39:43;1125;49,98;
12:39:46;1111;49,99;
12:39:49;1125;49,99;
12:39:52;1121;50,00;
12:39:58;1107;50,00;
12:40:01;1116;50,00;
12:40:04;1117;50,00;
12:40:07;1107;50,00;
12:40:10;1106;49,99;
12:40:13;1109;49,99;
12:40:16;1108;49,99;
12:40:19;1108;49,98;
12:40:22;1104;49,98;
12:40:25;1097;49,98;
12:40:28;1099;49,97;
12:40:31;1102;49,97;
12:40:34;1097;49,97;
12:40:37;1091;49,97;
12:40:40;1095;49,97;
12:40:43;1096;49,97;
12:40:46;1090;49,97;
12:40:49;1084;49,97;
12:40:52;1090;49,97;
12:40:58;1088;49,98;
12:41:04;1087;49,99;
12:41:07;1088;49,99;
12:41:10;1083;49,98;
12:41:13;1075;49,98;
12:41:16;1080;49,98;
12:41:19;1082;49,98;
12:41:22;1075;49,98;
12:41:28;1072;49,97;
12:41:31;1074;49,97;
12:41:34;1071;49,98;
12:41:37;1063;49,98;
12:41:40;1068;49,98;
12:41:43;1071;49,98;
12:41:46;1069;49,98;
12:41:49;1054;49,98;
12:41:52;1064;49,98;
12:41:55;1069;49,98;
12:41:58;1061;49,98;
12:42:01;1053;49,98;
12:42:04;1059;49,99;
12:42:10;1057;49,99;
12:42:13;1052;49,99;
12:42:16;1056;49,99;
12:42:19;1057;50,00;
12:42:22;1058;50,00;
12:42:25;1057;50,00;
12:42:28;1049;50,00;
12:42:31;1059;50,00;
12:42:34;1057;49,99;
12:42:37;1058;49,99;
12:42:40;1049;49,98;
12:42:43;1059;49,98;
12:42:46;1061;49,98;
12:42:49;1057;49,98;
12:42:55;1063;49,98;
12:42:58;1066;49,98;
12:43:01;1063;49,99;
12:43:04;1054;49,99;
12:43:07;1064;50,00;
12:43:10;1067;50,00;
12:43:13;1063;50,00;
12:43:16;1068;50,00;
12:43:19;1066;50,00;
12:43:22;1071;50,01;
12:43:28;1064;50,01;
12:43:31;1073;50,00;
12:43:34;1077;50,00;
12:43:37;1075;50,00;
12:43:40;1068;50,00;
12:43:43;1077;50,00;
12:43:46;1082;50,00;
12:43:49;1080;50,00;
12:43:52;1074;50,00;
12:43:55;1086;50,00;
12:44:01;1085;50,00;
12:44:04;1080;50,00;
12:44:07;1091;50,00;
12:44:10;1095;50,01;
12:44:13;1096;50,01;
12:44:16;1090;50,01;
12:44:19;1097;50,01;
12:44:22;1100;50,01;
12:44:25;1103;50,01;
12:44:28;1096;50,01;
12:44:31;1105;50,01;
12:44:34;1109;50,01;
12:44:37;1108;50,01;
12:44:40;1102;50,01;
12:44:43;1110;50,01;
12:44:46;1113;50,01;
12:44:49;1112;50,00;
12:44:52;1104;50,00;
12:44:55;1117;50,00;
12:44:58;1124;50,00;
12:45:01;1121;50,00;
12:45:07;1123;50,01;
12:45:10;1127;50,01;
12:45:13;1124;50,01;
12:45:16;1118;50,01;
12:45:19;1127;50,00;
12:45:22;1125;50,00;
12:45:25;1131;50,00;
12:45:28;1125;50,00;
12:45:31;1126;50,00;
12:45:34;1127;50,00;
12:45:43;1128;50,00;
12:45:46;1127;50,00;
12:45:49;1132;50,00;
12:45:52;1130;50,00;
12:45:55;1131;50,00;
12:45:58;1130;50,00;
12:46:01;1132;50,01;
12:46:07;1133;50,01;
12:46:16;1134;50,01;
12:46:19;1133;50,00;
12:46:22;1134;50,00;
12:46:31;1129;50,00;
12:46:34;1134;50,00;
12:46:37;1132;50,01;
12:46:40;1134;50,01;
12:46:43;1130;50,01;
12:46:46;1136;50,01;
12:46:52;1138;50,01;
12:46:55;1127;50,01;
12:46:58;1136;50,01;
12:47:01;1135;50,01;
12:47:04;1139;50,01;
12:47:07;1141;50,01;
12:47:10;1139;50,01;
12:47:13;1137;50,01;
12:47:19;1141;50,01;
12:47:22;1139;50,00;
12:47:28;1138;50,00;
12:47:31;1139;50,00;
12:47:37;1140;50,00;
12:47:40;1138;50,00;
12:47:43;1133;50,00;
12:47:46;1138;50,00;
12:47:49;1140;50,00;
12:47:52;1138;50,00;
12:47:55;1126;50,00;
12:47:58;1136;50,01;
12:48:04;1137;50,01;
12:48:07;1127;50,01;
12:48:10;1127;50,02;
12:48:13;1123;50,02;
12:48:16;1130;50,01;
12:48:19;1133;50,01;
12:48:22;1128;50,01;
12:48:28;1129;50,01;
12:48:31;1131;50,01;
12:48:37;1129;50,00;
12:48:40;1127;50,00;
12:48:43;1126;50,00;
12:48:46;1120;50,01;
12:48:49;1127;50,01;
12:48:52;1125;50,01;
12:48:55;1127;50,01;
12:48:58;1125;50,01;
12:49:04;1121;50,01;
12:49:10;1119;50,00;
12:49:13;1120;50,00;
12:49:16;1119;50,00;
12:49:19;1118;50,00;
12:49:22;1116;50,01;
12:49:25;1117;50,00;
12:49:28;1122;50,00;
12:49:31;1117;50,00;
12:49:34;1114;50,00;
12:49:37;1107;50,01;
12:49:40;1104;50,01;
12:49:43;1105;50,01;
12:49:46;1106;50,01;
12:49:49;1110;50,01;
12:49:52;1112;50,01;
12:49:55;1107;50,01;
12:49:58;1108;50,01;
12:50:01;1105;50,01;
12:50:04;1100;50,00;
12:50:07;1104;50,00;
12:50:10;1099;50,00;
12:50:16;1096;50,00;
12:50:19;1097;50,00;
12:50:22;1091;50,00;
12:50:25;1094;50,00;
12:50:28;1097;50,00;
12:50:31;1094;50,00;
12:50:34;1093;50,00;
12:50:37;1083;50,00;
12:50:40;1093;50,00;
12:50:43;1089;50,00;
12:50:46;1079;50,01;
12:50:49;1085;50,00;
12:50:52;1082;50,00;
12:50:58;1080;50,00;
12:51:04;1082;50,00;
12:51:07;1078;50,00;
12:51:10;1071;50,00;
12:51:13;1075;50,00;
12:51:16;1079;50,00;
12:51:22;1068;50,00;
12:51:25;1073;50,00;
12:51:28;1078;50,00;
12:51:31;1072;50,00;
12:51:34;1066;50,00;
12:51:37;1063;50,00;
12:51:40;1071;50,00;
12:51:43;1073;50,00;
12:51:46;1062;50,00;
12:51:49;1069;50,00;
12:51:52;1068;50,00;
12:51:55;1066;50,00;
12:51:58;1067;50,00;
12:52:07;1065;50,00;
12:52:10;1064;50,00;
12:52:13;1065;50,00;
12:52:16;1064;50,00;
12:52:19;1063;50,00;
12:52:22;1062;50,01;
12:52:25;1056;50,01;
12:52:28;1064;50,01;
12:52:34;1063;50,01;
12:52:37;1061;50,01;
12:52:40;1064;50,01;
12:52:43;1063;50,01;
12:52:49;1055;50,00;
12:52:52;1063;50,01;
12:52:55;1064;50,01;
12:52:58;1062;50,01;
12:53:01;1060;50,01;
12:53:04;1061;50,01;
12:53:07;1053;50,01;
12:53:13;1058;50,01;
12:53:16;1060;50,01;
12:53:19;1057;50,02;
12:53:25;1055;50,01;
12:53:28;1058;50,01;
12:53:31;1057;50,01;
12:53:34;1060;50,01;
12:53:37;1050;50,01;
12:53:40;1056;50,01;
12:53:43;1061;50,01;
12:53:46;1056;50,01;
12:53:49;1050;50,01;
12:53:52;1057;50,01;
12:53:55;1056;50,01;
12:53:58;1057;50,01;
12:54:01;1052;50,01;
12:54:04;1059;50,01;
12:54:07;1065;50,01;
12:54:10;1059;50,01;
12:54:13;1054;50,01;
12:54:19;1049;50,01;
12:54:22;1063;50,01;
12:54:25;1057;50,01;
12:54:28;1063;50,01;
12:54:31;1060;50,01;
12:54:34;1064;50,01;
12:54:37;1066;50,01;
12:54:40;1060;50,01;
12:54:43;1070;50,01;
12:54:46;1068;50,02;
12:54:49;1061;50,01;
12:54:52;1068;50,01;
12:54:55;1071;50,00;
12:54:58;1069;50,00;
12:55:01;1070;50,00;
12:55:04;1073;50,00;
12:55:07;1075;50,00;
12:55:10;1067;50,00;
12:55:13;1062;50,00;
12:55:16;1071;50,00;
12:55:25;1065;50,00;
12:55:28;1071;50,00;
12:55:31;1072;50,01;
12:55:34;1074;50,01;
12:55:37;1071;50,01;
12:55:40;1063;50,01;
12:55:43;1071;50,01;
12:55:46;1073;50,01;
12:55:49;1061;50,01;
12:55:52;1068;50,01;
12:55:58;1064;50,01;
12:56:01;1053;50,02;
12:56:04;1067;50,02;
12:56:07;1064;50,02;
12:56:10;1059;50,02;
12:56:13;1051;50,02;
12:56:16;1056;50,02;
12:56:19;1060;50,02;
12:56:22;1058;50,02;
12:56:28;1053;50,02;
12:56:31;1056;50,02;
12:56:34;1061;50,02;
12:56:37;1056;50,02;
12:56:40;1050;50,03;
12:56:43;1056;50,03;
12:56:46;1062;50,03;
12:56:49;1060;50,03;
12:56:52;1062;50,03;
12:56:55;1062;50,02;
12:56:58;1069;50,02;
12:57:01;1066;50,02;
12:57:04;1061;50,02;
12:57:07;1067;50,02;
12:57:10;1071;50,01;
12:57:16;1062;50,02;
12:57:19;1068;50,02;
12:57:22;1071;50,03;
12:57:25;1068;50,03;
12:57:28;1060;50,03;
12:57:31;1065;50,03;
12:57:34;1067;50,02;
12:57:37;1069;50,02;
12:57:40;1059;50,01;
12:57:43;1065;50,01;
12:57:46;1068;50,01;
12:57:49;1062;50,01;
12:57:52;1055;50,01;
12:57:55;1062;50,01;
12:57:58;1060;50,01;
12:58:04;1046;50,01;
12:58:07;1056;50,00;
12:58:10;1056;50,01;
12:58:13;1052;50,01;
12:58:16;1042;50,01;
12:58:22;1052;50,01;
12:58:25;1043;50,01;
12:58:28;1034;50,01;
12:58:31;1035;50,01;
12:58:34;1031;50,00;
12:58:37;1036;50,00;
12:58:40;1025;50,00;
12:58:43;1022;50,00;
12:58:46;1012;50,00;
12:58:49;1013;50,00;
12:58:52;1000;50,00;
12:58:55;988;50,00;
12:58:58;986;50,00;
12:59:01;989;50,00;
12:59:04;977;50,00;
12:59:07;963;50,00;
12:59:10;959;50,00;
12:59:13;961;50,00;
12:59:16;946;50,00;
12:59:19;934;50,00;
12:59:28;930;50,00;
12:59:31;927;50,00;
12:59:34;919;50,00;
12:59:37;904;50,00;
12:59:40;908;50,00;
12:59:43;905;50,00;
12:59:46;904;50,00;
12:59:49;901;50,00;
12:59:52;897;50,01;
12:59:55;886;50,01;
12:59:58;891;50,00;
13:00:01;879;50,00;
13:00:04;889;50,00;
13:00:07;891;49,99;
13:00:10;890;49,99;
13:00:13;877;49,98;
13:00:16;890;49,98;
13:00:19;884;49,97;
13:00:22;891;49,97;
13:00:25;884;49,97;
13:00:28;894;49,97;
13:00:34;899;49,97;
13:00:37;888;49,96;
13:00:40;907;49,96;
13:00:43;910;49,95;
13:00:46;913;49,95;
13:00:49;904;49,95;
13:00:52;903;49,95;
13:00:55;916;49,95;
13:00:58;921;49,95;
13:01:01;912;49,95;
13:01:04;914;49,95;
13:01:07;932;49,94;
13:01:10;927;49,94;
13:01:13;924;49,94;
13:01:19;938;49,95;
13:01:22;934;49,94;
13:01:25;931;49,94;
13:01:28;933;49,94;
13:01:31;925;49,94;
13:01:37;928;49,94;
13:01:43;933;49,93;
13:01:46;935;49,93;
13:01:49;929;49,93;
13:01:52;918;49,93;
13:01:55;925;49,93;
13:01:58;927;49,94;
13:02:01;922;49,94;
13:02:04;908;49,94;
13:02:07;917;49,93;
13:02:13;912;49,93;
13:02:16;901;49,93;
13:02:19;906;49,93;
13:02:25;902;49,93;
13:02:28;894;49,93;
13:02:31;901;49,94;
13:02:34;902;49,94;
13:02:37;901;49,94;
13:02:40;889;49,95;
13:02:43;897;49,95;
13:02:46;898;49,94;
13:02:49;896;49,94;
13:02:52;884;49,94;
13:02:55;895;49,95;
13:03:04;885;49,96;
13:03:07;891;49,96;
13:03:10;898;49,96;
13:03:13;894;49,96;
13:03:16;882;49,96;
13:03:19;893;49,96;
13:03:22;895;49,96;
13:03:25;893;49,95;
13:03:31;894;49,95;
13:03:34;899;49,95;
13:03:37;896;49,95;
13:03:43;898;49,95;
13:03:46;897;49,95;
13:03:49;901;49,95;
13:03:52;898;49,94;
13:03:55;900;49,95;
13:03:58;898;49,95;
13:04:01;903;49,95;
13:04:04;904;49,95;
13:04:07;905;49,95;
13:04:10;909;49,95;
13:04:16;910;49,94;
13:04:19;914;49,93;
13:04:22;908;49,93;
13:04:25;912;49,93;
13:04:28;913;49,93;
13:04:31;917;49,94;
13:04:37;923;49,95;
13:04:40;926;49,95;
13:04:43;929;49,95;
13:04:46;933;49,95;
13:04:49;937;49,95;
13:04:52;938;49,96;
13:04:55;946;49,96;
13:04:58;942;49,96;
13:05:01;956;49,96;
13:05:04;955;49,96;
13:05:07;951;49,96;
13:05:10;950;49,96;
13:05:13;952;49,96;
13:05:16;950;49,95;
13:05:19;955;49,96;
13:05:22;951;49,95;
13:05:25;943;49,95;
13:05:28;951;49,95;
13:05:34;949;49,95;
13:05:37;950;49,96;
13:05:40;946;49,95;
13:05:43;944;49,95;
13:05:46;938;49,95;
13:05:49;918;49,95;
13:05:52;932;49,95;
13:05:55;919;49,96;
13:06:01;917;49,96;
13:06:04;912;49,96;
13:06:07;895;49,95;
13:06:10;897;49,95;
13:06:13;896;49,95;
13:06:16;883;49,95;
13:06:19;867;49,95;
13:06:22;870;49,94;
13:06:28;854;49,95;
13:06:31;843;49,95;
13:06:34;841;49,96;
13:06:37;836;49,96;
13:06:40;826;49,96;
13:06:43;819;49,96;
13:06:46;808;49,96;
13:06:49;813;49,96;
13:06:52;799;49,96;
13:06:55;796;49,96;
13:06:58;787;49,96;
13:07:01;784;49,96;
13:07:04;775;49,96;
13:07:07;776;49,96;
13:07:10;774;49,96;
13:07:13;765;49,96;
13:07:16;759;49,96;
13:07:19;756;49,96;
13:07:22;749;49,96;
13:07:25;746;49,96;
13:07:28;740;49,97;
13:07:34;732;49,97;
13:07:37;727;49,97;
13:07:40;720;49,97;
13:07:43;718;49,96;
13:07:46;712;49,96;
13:07:49;706;49,96;
13:07:52;700;49,96;
13:07:55;705;49,97;
13:07:58;697;49,97;
13:08:01;698;49,97;
13:08:04;690;49,98;
13:08:07;692;49,98;
13:08:10;688;49,98;
13:08:13;685;49,98;
13:08:16;682;49,98;
13:08:19;680;49,98;
13:08:22;677;49,98;
13:08:25;674;49,98;
13:08:28;666;49,97;
13:08:31;671;49,98;
13:08:34;668;49,97;
13:08:40;657;49,98;
13:08:43;661;49,98;
13:08:46;657;49,98;
13:08:49;656;49,98;
13:08:52;654;49,98;
13:08:55;652;49,98;
13:08:58;655;49,98;
13:09:01;654;49,98;
13:09:04;651;49,99;
13:09:07;650;49,99;
13:09:10;649;49,99;
13:09:13;647;49,99;
13:09:16;646;49,98;
13:09:19;647;49,98;
13:09:22;645;49,98;
13:09:25;643;49,98;
13:09:28;638;49,98;
13:09:31;639;49,98;
13:09:34;637;49,98;
13:09:37;638;49,98;
13:09:40;633;49,98;
13:09:46;629;49,97;
13:09:49;627;49,97;
13:09:55;624;49,97;
13:09:58;623;49,97;
13:10:01;619;49,98;
13:10:04;620;49,97;
13:10:07;618;49,98;
13:10:10;616;49,98;
13:10:13;617;49,98;
13:10:16;616;49,98;
13:10:19;613;49,97;
13:10:22;608;49,97;
13:10:25;611;49,97;
13:10:31;604;49,96;
13:10:34;606;49,96;
13:10:37;605;49,96;
13:10:40;606;49,96;
13:10:43;607;49,97;
13:10:46;609;49,97;
13:10:49;606;49,98;
13:10:52;607;49,98;
13:10:55;608;49,98;
13:10:58;609;49,98;
13:11:01;608;49,98;
13:11:04;611;49,98;
13:11:07;614;49,99;
13:11:10;613;49,99;
13:11:13;612;49,99;
13:11:16;615;49,99;
13:11:19;612;49,98;
13:11:22;618;49,98;
13:11:25;617;49,98;
13:11:28;619;49,98;
13:11:31;616;49,98;
13:11:37;623;49,98;
13:11:40;622;49,98;
13:11:43;621;49,99;
13:11:46;625;49,99;
13:11:49;626;49,99;
13:11:52;628;49,99;
13:11:55;629;49,99;
13:11:58;628;49,99;
13:12:01;631;49,99;
13:12:04;632;49,99;
13:12:07;634;50,00;
13:12:10;636;49,99;
13:12:13;636;50,00;
13:12:16;634;50,00;
13:12:19;635;49,99;
13:12:25;638;49,99;
13:12:28;635;49,99;
13:12:31;635;49,98;
13:12:34;638;49,99;
13:12:37;640;49,99;
13:12:43;637;50,00;
13:12:46;638;49,99;
13:12:49;642;49,99;
13:12:52;638;49,99;
13:12:58;645;49,99;
13:13:01;644;49,99;
13:13:04;646;49,98;
13:13:07;641;49,98;
13:13:10;645;49,97;
13:13:13;646;49,97;
13:13:16;648;49,97;
13:13:19;639;49,97;
13:13:22;650;49,96;
13:13:25;653;49,97;
13:13:28;651;49,97;
13:13:31;656;49,97;
13:13:34;650;49,96;
13:13:37;653;49,96;
13:13:40;659;49,96;
13:13:43;656;49,96;
13:13:49;662;49,97;
13:13:52;663;49,97;
13:13:55;665;49,97;
13:13:58;662;49,97;
13:14:01;665;49,97;
13:14:04;667;49,97;
13:14:10;670;49,97;
13:14:13;670;49,96;
13:14:16;666;49,96;
13:14:19;670;49,97;
13:14:22;664;49,97;
13:14:25;673;49,98;
13:14:28;672;49,98;
13:14:31;674;49,98;
13:14:34;668;49,98;
13:14:37;676;49,98;
13:14:40;675;49,98;
13:14:46;667;49,98;
13:14:49;675;49,98;
13:14:55;674;49,99;
13:14:58;673;50,00;
13:15:01;679;49,99;
13:15:07;685;49,98;
13:15:10;680;49,98;
13:15:13;685;49,98;
13:15:16;691;49,97;
13:15:19;690;49,98;
13:15:22;686;49,98;
13:15:25;694;49,98;
13:15:28;693;49,98;
13:15:31;697;49,98;
13:15:34;688;49,98;
13:15:40;693;49,98;
13:15:43;699;49,98;
13:15:46;693;49,99;
13:15:49;697;49,99;
13:15:52;693;49,99;
13:15:55;699;49,99;
13:16:01;693;49,98;
13:16:04;694;49,98;
13:16:07;701;49,98;
13:16:10;692;49,98;
13:16:13;700;49,98;
13:16:19;693;49,98;
13:16:22;697;49,98;
13:16:25;696;49,99;
13:16:28;696;50,00;
13:16:31;694;50,00;
13:16:34;688;50,00;
13:16:37;695;50,00;
13:16:40;695;49,99;
13:16:46;692;49,99;
13:16:49;689;49,99;
13:16:52;697;49,98;
13:16:55;693;49,98;
13:16:58;694;49,97;
13:17:01;691;49,97;
13:17:04;695;49,97;
13:17:07;694;49,97;
13:17:10;692;49,96;
13:17:13;685;49,96;
13:17:16;693;49,96;
13:17:19;689;49,97;
13:17:22;690;49,97;
13:17:25;680;49,97;
13:17:28;692;49,96;
13:17:31;686;49,96;
13:17:34;693;49,96;
13:17:37;685;49,96;
13:17:40;693;49,96;
13:17:43;689;49,96;
13:17:46;695;49,96;
13:17:52;697;49,97;
13:17:55;691;49,97;
13:17:58;695;49,97;
13:18:01;688;49,98;
13:18:04;698;49,98;
13:18:07;694;49,98;
13:18:10;700;49,98;
13:18:13;701;49,98;
13:18:19;696;49,98;
13:18:22;702;49,97;
13:18:25;694;49,97;
13:18:28;706;49,97;
13:18:31;705;49,97;
13:18:34;699;49,97;
13:18:37;700;49,97;
13:18:40;710;49,98;
13:18:43;713;49,97;
13:18:46;711;49,98;
13:18:49;712;49,98;
13:18:52;713;49,98;
13:18:58;714;49,98;
13:19:01;718;49,97;
13:19:04;724;49,96;
13:19:07;731;49,96;
13:19:10;728;49,96;
13:19:13;736;49,96;
13:19:16;730;49,96;
13:19:19;738;49,96;
13:19:22;729;49,96;
13:19:25;743;49,96;
13:19:28;745;49,96;
13:19:31;749;49,96;
13:19:34;743;49,97;
13:19:37;757;49,97;
13:19:43;763;49,97;
13:19:46;758;49,96;
13:19:49;765;49,97;
13:19:52;759;49,97;
13:19:55;765;49,97;
13:19:58;758;49,97;
13:20:01;767;49,97;
13:20:04;771;49,97;
13:20:07;780;49,98;
13:20:10;770;49,98;
13:20:13;780;49,98;
13:20:16;785;49,98;
13:20:19;786;49,99;
13:20:22;776;49,99;
13:20:25;788;50,00;
13:20:28;791;50,00;
13:20:31;795;49,99;
13:20:34;789;49,99;
13:20:37;799;49,99;
13:20:40;800;49,99;
13:20:43;807;49,99;
13:20:49;811;49,98;
13:20:52;812;49,98;
13:20:55;818;49,98;
13:20:58;809;49,98;
13:21:01;823;49,98;
13:21:07;827;49,98;
13:21:10;828;49,98;
13:21:13;833;49,99;
13:21:19;839;49,99;
13:21:22;830;50,00;
13:21:25;846;50,00;
13:21:28;839;50,00;
13:21:31;838;50,00;
13:21:34;832;49,99;
13:21:37;848;49,99;
13:21:40;845;49,99;
13:21:43;846;49,98;
13:21:46;840;49,98;
13:21:49;849;49,98;
13:21:58;852;49,98;
13:22:01;850;49,98;
13:22:04;852;49,98;
13:22:07;852;49,99;
13:22:10;852;49,98;
13:22:13;845;49,98;
13:22:16;853;49,98;
13:22:19;842;49,98;
13:22:25;840;49,98;
13:22:28;847;49,98;
13:22:31;850;49,98;
13:22:34;848;49,98;
13:22:37;838;49,98;
13:22:40;844;49,98;
13:22:43;841;49,98;
13:22:46;840;49,98;
13:22:49;836;49,98;
13:22:52;838;49,99;
13:23:01;831;49,99;
13:23:04;833;49,99;
13:23:07;831;49,99;
13:23:10;831;49,98;
13:23:13;828;49,98;
13:23:16;824;49,98;
13:23:19;821;49,98;
13:23:22;824;49,98;
13:23:25;817;49,98;
13:23:28;816;49,98;
13:23:31;814;49,98;
13:23:34;813;49,98;
13:23:37;801;49,98;
13:23:40;805;49,98;
13:23:46;805;49,97;
13:23:49;796;49,96;
13:23:52;802;49,96;
13:23:55;803;49,96;
13:23:58;796;49,96;
13:24:01;797;49,97;
13:24:04;793;49,97;
13:24:10;786;49,98;
13:24:13;785;49,99;
13:24:16;782;49,98;
13:24:19;778;49,98;
13:24:22;773;49,98;
13:24:25;768;49,98;
13:24:28;757;49,98;
13:24:31;762;49,98;
13:24:34;757;49,98;
13:24:37;755;49,98;
13:24:40;749;49,98;
13:24:43;749;49,97;
13:24:46;739;49,97;
13:24:52;736;49,98;
13:24:55;728;49,98;
13:24:58;731;49,99;
13:25:01;729;49,99;
13:25:04;721;49,99;
13:25:07;715;49,99;
13:25:10;708;49,99;
13:25:13;706;49,98;
13:25:16;693;49,98;
13:25:19;692;49,97;
13:25:22;681;49,97;
13:25:25;675;49,98;
13:25:28;667;49,98;
13:25:31;661;49,99;
13:25:34;653;49,99;
13:25:37;648;49,99;
13:25:40;640;50,00;
13:25:43;636;50,00;
13:25:46;628;50,01;
13:25:52;621;50,01;
13:25:58;613;50,01;
13:26:01;607;50,01;
13:26:04;597;50,00;
13:26:07;599;50,00;
13:26:10;591;49,99;
13:26:13;587;49,99;
13:26:16;586;49,99;
13:26:19;581;49,98;
13:26:22;575;49,99;
13:26:25;571;49,99;
13:26:28;564;49,99;
13:26:31;563;50,00;
13:26:34;552;50,00;
13:26:37;554;50,00;
13:26:40;546;50,00;
13:26:43;545;50,00;
13:26:46;537;50,00;
13:26:49;536;50,00;
13:26:52;533;50,00;
13:26:55;535;50,00;
13:26:58;526;50,00;
13:27:04;533;50,00;
13:27:07;529;50,00;
13:27:10;525;50,00;
13:27:16;526;50,00;
13:27:19;524;50,00;
13:27:22;521;50,00;
13:27:25;516;50,00;
13:27:28;514;50,00;
13:27:31;511;50,00;
13:27:34;508;50,00;
13:27:37;505;50,00;
13:27:40;499;50,00;
13:27:43;497;50,00;
13:27:49;494;50,00;
13:27:52;492;50,01;
13:27:55;489;50,00;
13:27:58;490;50,00;
13:28:01;493;50,01;
13:28:04;495;50,01;
13:28:10;490;50,01;
13:28:13;487;50,01;
13:28:16;486;50,01;
13:28:19;485;50,01;
13:28:22;484;50,01;
13:28:25;481;50,00;
13:28:28;480;50,00;
13:28:34;476;50,00;
13:28:37;474;50,00;
13:28:40;472;50,00;
13:28:43;463;50,00;
13:28:46;464;50,00;
13:28:49;458;49,99;
13:28:55;457;49,99;
13:28:58;450;49,98;
13:29:01;448;49,99;
13:29:07;444;50,00;
13:29:10;441;50,00;
13:29:13;442;50,00;
13:29:19;434;50,00;
13:29:22;435;50,00;
13:29:25;433;50,00;
13:29:28;432;50,00;
13:29:31;426;50,00;
13:29:34;423;50,00;
13:29:37;413;50,00;
13:29:40;418;50,00;
13:29:43;411;50,01;
13:29:46;418;50,00;
13:29:49;410;50,00;
13:29:52;408;50,00;
13:29:55;406;50,00;
13:30:01;404;50,00;
13:30:04;400;50,00;
13:30:07;391;50,00;
13:30:10;394;50,00;
13:30:13;390;49,99;
13:30:16;394;49,99;
13:30:19;390;49,99;
13:30:22;382;49,99;
13:30:25;381;49,99;
13:30:28;380;49,99;
13:30:31;371;49,98;
13:30:34;372;49,98;
13:30:37;364;49,98;
13:30:40;367;49,98;
13:30:43;365;49,98;
13:30:46;364;49,97;
13:30:49;368;49,96;
13:30:52;365;49,97;
13:30:55;360;49,97;
13:30:58;361;49,97;
13:31:01;362;49,97;
13:31:07;363;49,98;
13:31:10;364;49,98;
13:31:13;360;49,98;
13:31:16;358;49,98;
13:31:19;355;49,98;
13:31:22;356;49,98;
13:31:25;357;49,98;
13:31:28;359;49,98;
13:31:31;358;49,98;
13:31:34;357;49,97;
13:31:37;360;49,98;
13:31:40;354;49,97;
13:31:43;353;49,97;
13:31:46;362;49,96;
13:31:49;355;49,96;
13:31:52;358;49,96;
13:31:55;364;49,96;
13:31:58;356;49,96;
13:32:01;364;49,96;
13:32:04;358;49,97;
13:32:07;363;49,97;
13:32:13;362;49,97;
13:32:16;359;49,97;
13:32:19;360;49,98;
13:32:22;361;49,98;
13:32:25;359;49,98;
13:32:28;356;49,98;
13:32:34;357;49,98;
13:32:37;355;49,97;
13:32:40;351;49,96;
13:32:43;354;49,96;
13:32:46;352;49,96;
13:32:49;353;49,96;
13:32:52;351;49,96;
13:32:58;348;49,97;
13:33:04;342;49,98;
13:33:07;343;49,98;
13:33:13;344;49,98;
13:33:16;346;49,98;
13:33:19;345;49,98;
13:33:22;348;49,97;
13:33:25;353;49,97;
13:33:28;351;49,97;
13:33:31;352;49,97;
13:33:34;353;49,98;
13:33:37;354;49,98;
13:33:40;356;49,97;
13:33:46;355;49,97;
13:33:49;363;49,98;
13:33:52;356;49,98;
13:33:55;369;49,98;
13:33:58;370;49,98;
13:34:04;371;49,98;
13:34:07;373;49,98;
13:34:10;375;49,99;
13:34:13;379;49,98;
13:34:19;383;49,98;
13:34:28;384;49,98;
13:34:34;382;49,98;
13:34:37;386;49,98;
13:34:40;391;49,98;
13:34:43;384;49,98;
13:34:46;390;49,98;
13:34:49;389;49,98;
13:34:52;391;49,98;
13:34:55;385;49,98;
13:34:58;393;49,97;
13:35:01;388;49,97;
13:35:04;387;49,96;
13:35:10;389;49,96;
13:35:13;390;49,97;
13:35:16;389;49,97;
13:35:19;385;49,97;
13:35:22;387;49,97;
13:35:28;387;49,98;
13:35:34;386;49,97;
13:35:37;385;49,97;
13:35:43;385;49,98;
13:35:46;387;49,98;
13:35:49;388;49,98;
13:35:55;391;49,98;
13:36:01;389;49,98;
13:36:04;392;49,98;
13:36:07;387;49,98;
13:36:10;392;49,99;
13:36:16;394;49,99;
13:36:19;393;49,98;
13:36:22;392;49,98;
13:36:25;389;49,98;
13:36:28;393;49,97;
13:36:31;391;49,98;
13:36:34;392;49,98;
13:36:37;391;49,97;
13:36:40;388;49,98;
13:36:43;377;49,98;
13:36:46;385;49,99;
13:36:49;392;49,99;
13:36:52;389;50,00;
13:36:55;391;49,99;
13:36:58;383;49,99;
13:37:01;380;50,00;
13:37:04;384;49,99;
13:37:07;388;49,99;
13:37:10;380;49,99;
13:37:13;387;49,99;
13:37:19;383;49,98;
13:37:25;381;49,98;
13:37:31;380;49,98;
13:37:34;378;49,99;
13:37:40;373;49,99;
13:37:43;376;49,99;
13:37:49;377;49,99;
13:37:52;375;49,98;
13:37:58;370;49,98;
13:38:07;369;49,98;
13:38:13;369;49,99;
13:38:16;366;49,99;
13:38:19;365;49,99;
13:38:25;363;50,00;
13:38:28;364;50,00;
13:38:31;359;50,00;
13:38:34;359;49,99;
13:38:37;358;49,99;
13:38:40;355;49,99;
13:38:46;350;49,99;
13:38:52;348;49,99;
13:38:55;349;50,00;
13:38:58;348;50,00;
13:39:01;343;50,00;
13:39:04;340;50,00;
13:39:07;339;50,00;
13:39:13;335;50,00;
13:39:16;334;50,00;
13:39:19;331;50,00;
13:39:22;333;49,99;
13:39:25;330;50,00;
13:39:28;328;50,00;
13:39:37;325;49,99;
13:39:40;321;49,99;
13:39:43;320;49,99;
13:39:46;313;49,99;
13:39:49;321;49,99;
13:39:52;322;49,99;
13:39:55;316;50,00;
13:39:58;325;50,00;
13:40:01;331;50,01;
13:40:04;325;50,01;
13:40:07;315;50,02;
13:40:10;315;50,01;
13:40:13;318;50,01;
13:40:19;317;50,01;
13:40:25;316;50,01;
13:40:28;317;50,01;
13:40:31;319;50,00;
13:40:34;314;50,00;
13:40:40;313;50,00;
13:40:43;311;49,99;
13:40:46;308;49,99;
13:40:49;305;49,99;
13:40:52;304;49,99;
13:40:55;301;49,99;
13:40:58;297;49,99;
13:41:01;294;49,99;
13:41:04;289;49,99;
13:41:07;285;49,98;
13:41:10;282;49,98;
13:41:13;277;49,98;
13:41:16;274;49,98;
13:41:19;272;49,98;
13:41:25;269;49,98;
13:41:28;265;49,98;
13:41:31;264;49,99;
13:41:34;263;49,99;
13:41:37;260;49,99;
13:41:40;257;50,00;
13:41:43;254;50,00;
13:41:49;244;50,00;
13:41:52;247;50,00;
13:41:55;250;50,00;
13:41:58;247;50,00;
13:42:01;241;50,00;
13:42:04;249;50,00;
13:42:10;253;50,01;
13:42:13;245;50,01;
13:42:16;250;50,00;
13:42:19;252;50,00;
13:42:22;253;50,00;
13:42:25;257;50,00;
13:42:28;260;50,00;
13:42:31;261;50,00;
13:42:34;265;50,00;
13:42:37;267;50,00;
13:42:40;271;50,00;
13:42:43;270;50,00;
13:42:46;274;50,00;
13:42:49;275;50,00;
13:42:52;280;50,00;
13:42:55;285;50,00;
13:42:58;287;50,00;
13:43:01;290;50,00;
13:43:04;287;50,00;
13:43:07;286;50,00;
13:43:10;292;50,00;
13:43:16;296;50,00;
13:43:25;295;50,00;
13:43:31;296;50,00;
13:43:34;299;50,00;
13:43:37;296;50,00;
13:43:40;295;50,00;
13:43:43;292;50,00;
13:43:46;290;49,99;
13:43:49;287;49,99;
13:43:52;286;49,99;
13:43:55;288;49,99;
13:44:01;285;49,99;
13:44:04;282;49,98;
13:44:07;280;49,99;
13:44:10;276;49,98;
13:44:13;275;49,98;
13:44:16;271;49,98;
13:44:22;270;49,99;
13:44:28;269;49,98;
13:44:34;268;49,98;
13:44:40;266;49,98;
13:44:43;268;49,98;
13:44:46;267;50,00;
13:44:49;270;50,00;
13:44:52;265;50,00;
13:44:55;269;50,01;
13:44:58;269;50,00;
13:45:01;261;50,00;
13:45:04;258;50,00;
13:45:07;257;50,00;
13:45:10;260;50,00;
13:45:13;257;50,00;
13:45:16;253;50,00;
13:45:19;257;50,00;
13:45:22;255;49,99;
13:45:28;245;49,98;
13:45:34;243;49,98;
13:45:37;237;49,98;
13:45:40;233;49,97;
13:45:43;229;49,98;
13:45:46;227;49,98;
13:45:52;214;49,97;
13:45:55;212;49,97;
13:45:58;207;49,98;
13:46:01;202;49,98;
13:46:04;196;49,98;
13:46:07;195;49,98;
13:46:13;189;49,98;
13:46:16;186;49,99;
13:46:19;181;49,99;
13:46:22;178;49,98;
13:46:25;171;49,98;
13:46:28;170;49,98;
13:46:31;165;49,98;
13:46:34;163;49,98;
13:46:37;158;49,98;
13:46:43;153;49,98;
13:46:46;149;49,98;
13:46:49;147;49,98;
13:46:52;145;49,98;
13:46:55;146;49,98;
13:46:58;141;49,97;
13:47:01;138;49,97;
13:47:04;137;49,97;
13:47:07;138;49,98;
13:47:10;135;49,98;
13:47:13;132;49,99;
13:47:19;135;49,98;
13:47:22;129;49,98;
13:47:25;130;49,98;
13:47:28;134;49,97;
13:47:31;135;49,97;
13:47:40;136;49,97;
13:47:43;140;49,97;
13:47:46;143;49,97;
13:47:49;147;49,97;
13:47:52;148;49,97;
13:47:55;151;49,98;
13:47:58;159;49,98;
13:48:01;158;49,99;
13:48:04;162;49,99;
13:48:07;170;49,99;
13:48:10;169;49,99;
13:48:13;172;49,99;
13:48:16;177;49,99;
13:48:19;180;49,98;
13:48:25;182;49,98;
13:48:28;185;49,98;
13:48:31;186;49,98;
13:48:34;188;49,98;
13:48:37;186;49,98;
13:48:40;190;49,98;
13:48:43;191;49,98;
13:48:46;190;49,98;
13:48:49;193;49,98;
13:48:52;195;49,99;
13:48:55;194;50,00;
13:48:58;198;50,00;
13:49:04;201;50,00;
13:49:07;200;50,00;
13:49:10;202;49,99;
13:49:13;200;49,99;
13:49:16;202;49,99;
13:49:25;201;49,99;
13:49:31;204;50,00;
13:49:34;202;49,99;
13:49:37;205;50,00;
13:49:40;205;49,99;
13:49:43;206;50,00;
13:49:46;206;49,99;
13:49:49;207;49,99;
13:49:55;212;50,00;
13:49:58;209;50,00;
13:50:01;213;50,00;
13:50:04;222;50,00;
13:50:07;218;50,00;
13:50:10;226;50,00;
13:50:13;228;50,00;
13:50:16;230;50,00;
13:50:19;237;50,00;
13:50:22;245;49,99;
13:50:25;250;49,99;
13:50:28;251;49,98;
13:50:31;260;49,98;
13:50:37;232;49,98;
13:50:40;236;49,98;
13:50:43;277;49,97;
13:50:46;289;49,98;
13:50:49;292;49,98;
13:50:52;301;49,98;
13:50:55;305;49,98;
13:50:58;308;49,99;
13:51:01;316;49,99;
13:51:04;320;49,99;
13:51:07;325;49,99;
13:51:10;327;49,99;
13:51:13;334;49,98;
13:51:16;337;49,99;
13:51:22;345;50,00;
13:51:25;349;50,00;
13:51:28;350;50,00;
13:51:31;354;49,99;
13:51:34;356;50,00;
13:51:40;358;49,99;
13:51:43;356;50,00;
13:51:46;355;49,99;
13:51:49;357;49,99;
13:51:52;351;49,99;
13:51:55;357;49,99;
13:51:58;361;49,99;
13:52:01;356;50,00;
13:52:04;360;50,00;
13:52:07;364;50,00;
13:52:10;373;50,00;
13:52:13;378;50,01;
13:52:16;382;50,00;
13:52:19;389;50,00;
13:52:22;395;50,00;
13:52:28;402;50,00;
13:52:31;406;50,00;
13:52:34;412;50,01;
13:52:37;415;50,01;
13:52:40;422;50,00;
13:52:43;424;50,00;
13:52:46;428;50,00;
13:52:49;430;50,00;
13:52:52;435;50,00;
13:52:55;439;50,00;
13:52:58;434;50,00;
13:53:01;446;50,00;
13:53:04;451;50,00;
13:53:07;447;50,00;
13:53:10;453;50,00;
13:53:13;458;50,00;
13:53:16;465;50,00;
13:53:19;462;50,00;
13:53:22;466;50,00;
13:53:25;471;49,99;
13:53:28;476;49,99;
13:53:34;489;49,99;
13:53:37;491;50,00;
13:53:40;504;50,00;
13:53:43;509;50,00;
13:53:46;518;50,00;
13:53:49;521;50,01;
13:53:52;528;50,01;
13:53:55;538;50,01;
13:53:58;549;50,01;
13:54:01;553;50,01;
13:54:04;562;50,00;
13:54:07;568;50,00;
13:54:10;576;50,00;
13:54:13;577;50,00;
13:54:16;586;49,99;
13:54:19;596;49,99;
13:54:22;607;49,99;
13:54:25;603;50,00;
13:54:28;621;50,00;
13:54:31;617;50,00;
13:54:34;630;50,00;
13:54:40;641;50,01;
13:54:43;650;50,01;
13:54:46;658;50,00;
13:54:49;655;50,00;
13:54:52;668;50,00;
13:54:55;662;50,00;
13:54:58;672;50,00;
13:55:01;674;50,00;
13:55:04;681;50,00;
13:55:07;684;50,00;
13:55:10;681;50,00;
13:55:16;686;50,00;
13:55:19;679;50,00;
13:55:25;691;50,00;
13:55:28;688;50,00;
13:55:31;694;50,00;
13:55:34;690;49,99;
13:55:37;693;49,99;
13:55:40;686;49,99;
13:55:43;692;49,99;
13:55:46;690;49,99;
13:55:49;689;49,99;
13:55:52;682;49,99;
13:55:55;686;49,99;
13:55:58;680;50,00;
13:56:04;675;50,00;
13:56:07;681;50,00;
13:56:10;660;50,00;
13:56:13;669;50,00;
13:56:16;660;49,99;
13:56:19;667;49,99;
13:56:22;666;49,99;
13:56:25;663;49,99;
13:56:31;655;49,99;
13:56:34;658;49,99;
13:56:37;656;49,99;
13:56:40;649;49,98;
13:56:43;651;49,98;
13:56:46;646;49,98;
13:56:49;643;49,98;
13:56:55;642;49,98;
13:56:58;636;49,98;
13:57:01;636;49,99;
13:57:04;628;49,99;
13:57:07;635;49,99;
13:57:10;628;49,99;
13:57:13;630;49,98;
13:57:16;620;49,98;
13:57:19;624;49,98;
13:57:22;621;49,98;
13:57:25;623;49,98;
13:57:28;616;49,98;
13:57:31;623;49,98;
13:57:37;620;49,98;
13:57:40;616;49,98;
13:57:43;624;49,99;
13:57:46;618;49,99;
13:57:49;622;49,99;
13:57:52;615;50,00;
13:57:55;618;50,00;
13:57:58;620;50,00;
13:58:01;618;50,00;
13:58:04;608;50,01;
13:58:07;618;50,01;
13:58:10;616;50,01;
13:58:13;616;50,00;
13:58:19;611;50,00;
13:58:22;612;50,00;
13:58:25;615;50,00;
13:58:28;614;50,00;
13:58:31;615;49,99;
13:58:37;612;49,99;
13:58:43;611;49,99;
13:58:49;607;49,99;
13:58:52;602;49,99;
13:58:55;598;50,00;
13:58:58;597;50,00;
13:59:01;598;50,00;
13:59:04;592;50,00;
13:59:07;586;50,00;
13:59:10;585;50,00;
13:59:13;580;50,00;
13:59:16;574;50,00;
13:59:19;566;49,99;
13:59:22;563;49,99;
13:59:28;555;49,99;
13:59:31;547;49,99;
13:59:34;546;49,99;
13:59:37;537;49,99;
13:59:40;538;49,99;
13:59:43;534;49,99;
13:59:46;533;50,00;
13:59:49;535;50,00;
13:59:52;528;50,00;
13:59:55;520;50,00;
14:00:01;515;49,99;
14:00:04;511;49,99;
14:00:07;510;49,99;
14:00:10;504;49,99;
14:00:13;507;49,98;
14:00:16;501;49,98;
14:00:19;495;49,98;
14:00:22;497;49,98;
14:00:25;495;49,98;
14:00:28;493;49,98;
14:00:34;494;49,98;
14:00:37;493;49,98;
14:00:40;495;49,98;
14:00:43;496;49,99;
14:00:46;500;49,98;
14:00:52;497;49,99;
14:00:55;502;49,99;
14:00:58;503;49,98;
14:01:04;508;49,98;
14:01:07;509;49,98;
14:01:10;513;49,98;
14:01:13;515;49,99;
14:01:16;513;49,98;
14:01:19;510;49,98;
14:01:22;509;49,98;
14:01:25;510;49,98;
14:01:28;513;49,98;
14:01:31;513;49,97;
14:01:34;513;49,98;
14:01:43;512;49,99;
14:01:46;511;49,99;
14:01:49;511;49,98;
14:01:52;512;49,98;
14:01:55;509;49,98;
14:01:58;504;49,98;
14:02:01;508;49,98;
14:02:04;504;49,98;
14:02:07;502;49,98;
14:02:10;474;49,98;
14:02:13;497;49,98;
14:02:16;503;49,98;
14:02:19;502;49,98;
14:02:22;496;49,97;
14:02:25;495;49,97;
14:02:28;494;49,97;
14:02:37;492;49,97;
14:02:40;491;49,98;
14:02:46;480;49,98;
14:02:49;483;49,98;
14:02:55;484;49,98;
14:02:58;477;49,98;
14:03:01;476;49,98;
14:03:04;475;49,98;
14:03:07;471;49,98;
14:03:10;466;49,98;
14:03:16;458;49,97;
14:03:19;461;49,97;
14:03:22;457;49,97;
14:03:25;454;49,97;
14:03:34;448;49,96;
14:03:37;450;49,96;
14:03:40;442;49,96;
14:03:43;445;49,96;
14:03:46;443;49,96;
14:03:52;434;49,96;
14:03:55;435;49,96;
14:03:58;434;49,97;
14:04:01;430;49,96;
14:04:04;425;49,96;
14:04:07;425;49,97;
14:04:10;424;49,97;
14:04:13;423;49,97;
14:04:16;420;49,97;
14:04:19;412;49,97;
14:04:22;411;49,97;
14:04:25;407;49,96;
14:04:28;405;49,96;
14:04:31;404;49,96;
14:04:37;401;49,96;
14:04:40;398;49,96;
14:04:43;393;49,97;
14:04:46;394;49,97;
14:04:49;390;49,97;
14:04:52;389;49,97;
14:04:55;382;49,97;
14:05:01;377;49,98;
14:05:04;374;49,98;
14:05:07;371;49,98;
14:05:10;369;49,97;
14:05:13;365;49,97;
14:05:16;356;49,97;
14:05:19;351;49,97;
14:05:22;356;49,96;
14:05:25;346;49,96;
14:05:28;348;49,96;
14:05:31;343;49,96;
14:05:37;337;49,96;
14:05:43;332;49,96;
14:05:46;330;49,96;
14:05:49;328;49,96;
14:05:52;323;49,96;
14:05:55;318;49,97;
14:05:58;317;49,97;
14:06:01;316;49,97;
14:06:04;310;49,97;
14:06:07;307;49,98;
14:06:10;302;49,97;
14:06:13;299;49,97;
14:06:16;289;49,96;
14:06:19;288;49,96;
14:06:22;286;49,96;
14:06:25;280;49,96;
14:06:28;282;49,96;
14:06:31;273;49,96;
14:06:37;270;49,96;
14:06:40;269;49,96;
14:06:43;268;49,96;
14:06:49;262;49,96;
14:06:55;264;49,96;
14:06:58;263;49,96;
14:07:01;268;49,96;
14:07:04;263;49,97;
14:07:07;263;49,96;
14:07:10;259;49,96;
14:07:13;267;49,96;
14:07:16;264;49,96;
14:07:19;263;49,95;
14:07:22;266;49,96;
14:07:25;263;49,96;
14:07:28;264;49,96;
14:07:31;265;49,96;
14:07:34;268;49,96;
14:07:37;269;49,96;
14:07:46;273;49,97;
14:07:49;278;49,96;
14:07:55;285;49,97;
14:07:58;288;49,97;
14:08:01;294;49,97;
14:08:04;296;49,97;
14:08:07;303;49,98;
14:08:13;306;49,98;
14:08:16;300;49,98;
14:08:19;306;49,97;
14:08:22;312;49,97;
14:08:25;318;49,97;
14:08:28;313;49,97;
14:08:31;316;49,98;
14:08:34;320;49,97;
14:08:37;317;49,98;
14:08:40;321;49,98;
14:08:43;324;49,98;
14:08:46;328;49,98;
14:08:49;325;49,98;
14:08:52;331;49,99;
14:08:55;334;49,99;
14:08:58;334;49,98;
14:09:01;333;49,99;
14:09:04;339;49,98;
14:09:07;343;49,98;
14:09:10;340;49,98;
14:09:13;344;49,98;
14:09:16;351;49,98;
14:09:22;356;49,98;
14:09:25;358;49,97;
14:09:28;361;49,97;
14:09:31;362;49,96;
14:09:34;364;49,97;
14:09:37;362;49,97;
14:09:46;357;49,97;
14:09:49;360;49,97;
14:09:55;359;49,98;
14:09:58;353;49,98;
14:10:01;355;49,98;
14:10:04;352;49,97;
14:10:07;349;49,97;
14:10:10;349;49,96;
14:10:13;347;49,96;
14:10:16;349;49,96;
14:10:19;339;49,96;
14:10:22;343;49,96;
14:10:25;336;49,96;
14:10:28;340;49,96;
14:10:31;338;49,96;
14:10:34;329;49,96;
14:10:37;333;49,96;
14:10:40;325;49,96;
14:10:43;328;49,96;
14:10:46;325;49,96;
14:10:52;324;49,96;
14:10:55;320;49,96;
14:10:58;323;49,97;
14:11:01;322;49,97;
14:11:04;325;49,97;
14:11:07;324;49,97;
14:11:10;325;49,97;
14:11:13;321;49,97;
14:11:16;327;49,97;
14:11:19;319;49,97;
14:11:22;329;49,97;
14:11:25;321;49,97;
14:11:28;325;49,96;
14:11:31;335;49,96;
14:11:34;330;49,97;
14:11:37;340;49,97;
14:11:40;349;49,97;
14:11:43;342;49,97;
14:11:46;355;49,97;
14:11:49;356;49,97;
14:11:52;363;49,97;
14:11:58;368;49,98;
14:12:01;364;49,98;
14:12:04;373;49,98;
14:12:07;377;49,98;
14:12:10;379;49,98;
14:12:16;379;49,97;
14:12:22;375;49,97;
14:12:25;369;49,97;
14:12:28;364;49,97;
14:12:31;358;49,96;
14:12:34;355;49,96;
14:12:37;353;49,96;
14:12:40;348;49,96;
14:12:43;340;49,96;
14:12:46;334;49,97;
14:12:49;328;49,97;
14:12:52;320;49,97;
14:12:55;312;49,97;
14:12:58;310;49,96;
14:13:04;303;49,97;
14:13:07;302;49,96;
14:13:10;297;49,96;
14:13:13;292;49,96;
14:13:16;294;49,97;
14:13:22;286;49,97;
14:13:25;293;49,97;
14:13:28;286;49,97;
14:13:31;285;49,97;
14:13:34;291;49,97;
14:13:37;283;49,97;
14:13:40;289;49,97;
14:13:43;291;49,98;
14:13:49;292;49,98;
14:13:52;293;49,98;
14:13:58;295;49,98;
14:14:01;292;49,97;
14:14:04;293;49,96;
14:14:07;294;49,96;
14:14:13;292;49,96;
14:14:16;287;49,96;
14:14:19;290;49,96;
14:14:22;292;49,97;
14:14:25;290;49,97;
14:14:28;285;49,96;
14:14:31;289;49,96;
14:14:40;292;49,96;
14:14:43;292;49,95;
14:14:46;292;49,96;
14:14:49;297;49,96;
14:14:55;303;49,96;
14:15:01;307;49,96;
14:15:04;306;49,96;
14:15:07;313;49,96;
14:15:10;315;49,96;
14:15:13;316;49,96;
14:15:16;317;49,96;
14:15:19;315;49,96;
14:15:22;310;49,96;
14:15:25;318;49,96;
14:15:28;324;49,96;
14:15:31;326;49,97;
14:15:34;331;49,97;
14:15:37;321;49,97;
14:15:43;326;49,97;
14:15:46;332;49,97;
14:15:49;331;49,97;
14:15:52;328;49,97;
14:15:55;325;49,96;
14:16:04;322;49,97;
14:16:07;324;49,96;
14:16:10;322;49,96;
14:16:13;323;49,96;
14:16:16;319;49,96;
14:16:19;323;49,96;
14:16:22;324;49,96;
14:16:25;330;49,96;
14:16:28;333;49,96;
14:16:31;336;49,96;
14:16:34;340;49,96;
14:16:37;338;49,96;
14:16:40;331;49,96;
14:16:43;335;49,96;
14:16:46;340;49,96;
14:16:49;337;49,96;
14:16:52;337;49,97;
14:16:55;335;49,97;
14:16:58;331;49,97;
14:17:01;329;49,97;
14:17:07;325;49,98;
14:17:10;324;49,98;
14:17:13;320;49,98;
14:17:16;319;49,98;
14:17:19;316;49,99;
14:17:22;313;49,99;
14:17:25;307;49,99;
14:17:31;307;50,00;
14:17:34;306;50,00;
14:17:37;302;50,00;
14:17:40;303;50,00;
14:17:43;302;50,00;
14:17:46;302;49,99;
14:17:52;301;50,00;
14:17:55;299;50,00;
14:17:58;302;50,00;
14:18:01;305;50,00;
14:18:04;306;50,00;
14:18:07;309;50,00;
14:18:10;308;50,00;
14:18:16;311;50,00;
14:18:19;310;49,99;
14:18:25;305;49,99;
14:18:28;307;49,99;
14:18:31;304;49,99;
14:18:34;312;49,98;
14:18:40;316;49,98;
14:18:43;315;49,98;
14:18:46;314;49,98;
14:18:49;310;49,99;
14:18:52;314;50,00;
14:18:58;317;50,00;
14:19:01;318;50,00;
14:19:04;319;50,00;
14:19:13;323;49,99;
14:19:16;325;50,00;
14:19:22;327;50,00;
14:19:25;326;50,00;
14:19:31;325;50,00;
14:19:34;326;50,00;
14:19:37;331;50,00;
14:19:40;332;50,00;
14:19:43;333;49,99;
14:19:46;334;49,99;
14:19:49;335;49,99;
14:19:52;337;49,98;
14:19:55;340;49,98;
14:19:58;344;49,97;
14:20:04;348;49,97;
14:20:07;353;49,97;
14:20:10;356;49,98;
14:20:13;357;49,98;
14:20:22;354;49,98;
14:20:28;353;49,99;
14:20:31;346;49,98;
14:20:34;337;49,98;
14:20:37;342;49,98;
14:20:40;329;49,99;
14:20:43;330;49,99;
14:20:46;324;49,98;
14:20:49;318;49,98;
14:20:52;311;49,98;
14:20:55;312;49,99;
14:20:58;308;49,99;
14:21:01;306;49,98;
14:21:04;310;49,98;
14:21:10;301;49,99;
14:21:16;300;50,00;
14:21:19;301;50,00;
14:21:22;300;50,00;
14:21:25;301;50,00;
14:21:28;307;49,99;
14:21:31;295;50,00;
14:21:34;304;49,99;
14:21:40;301;49,99;
14:21:43;308;49,99;
14:21:46;307;49,99;
14:21:49;312;50,00;
14:21:52;308;50,00;
14:21:55;312;50,00;
14:21:58;316;50,00;
14:22:01;322;50,00;
14:22:04;326;50,00;
14:22:10;329;50,00;
14:22:16;333;50,00;
14:22:19;337;50,00;
14:22:22;338;50,00;
14:22:25;340;49,99;
14:22:28;342;49,98;
14:22:34;344;49,98;
14:22:37;345;49,98;
14:22:40;348;49,99;
14:22:43;350;49,99;
14:22:46;351;49,98;
14:22:49;355;49,98;
14:22:52;357;49,98;
14:23:01;361;49,98;
14:23:04;364;49,98;
14:23:07;366;49,99;
14:23:10;369;49,99;
14:23:13;373;49,99;
14:23:16;375;50,00;
14:23:19;377;50,00;
14:23:22;382;50,00;
14:23:25;383;50,00;
14:23:28;385;50,00;
14:23:31;388;50,00;
14:23:34;382;50,00;
14:23:37;389;50,00;
14:23:40;390;50,00;
14:23:43;391;50,00;
14:23:46;390;49,99;
14:23:49;385;50,00;
14:23:52;388;50,00;
14:23:58;382;50,00;
14:24:01;381;50,01;
14:24:07;388;50,00;
14:24:10;385;50,00;
14:24:13;391;50,00;
14:24:16;389;50,00;
14:24:19;388;49,99;
14:24:22;389;49,99;
14:24:31;382;49,99;
14:24:34;387;49,99;
14:24:37;379;49,99;
14:24:43;380;49,99;
14:24:46;376;49,99;
14:24:49;377;49,99;
14:24:52;373;49,99;
14:24:55;372;50,00;
14:24:58;371;50,00;
14:25:01;366;50,00;
14:25:04;364;50,00;
14:25:07;356;50,00;
14:25:13;347;50,00;
14:25:16;350;49,99;
14:25:19;351;50,00;
14:25:22;347;50,00;
14:25:25;348;50,00;
14:25:28;347;50,00;
14:25:34;343;50,00;
14:25:37;341;50,00;
14:25:40;338;50,00;
14:25:43;341;50,00;
14:25:45;338;50,00;
14:25:47;333;50,00;
14:25:53;334;50,00;
14:25:56;330;50,00;
14:25:59;328;50,00;
14:26:03;326;50,00;
14:26:06;325;50,00;
14:26:13;328;50,00;
14:26:19;326;50,00;
14:26:22;330;50,00;
14:26:25;336;50,00;
14:26:28;335;50,00;
14:26:30;333;50,00;
14:26:32;343;49,99;
14:26:34;337;49,99;
14:26:40;335;49,98;
14:26:43;357;49,98;
14:26:46;348;49,98;
14:26:49;360;49,99;
14:26:51;357;49,99;
14:26:53;363;50,00;
14:26:56;360;49,99;
14:26:59;365;49,99;
14:27:02;367;49,99;
14:27:05;371;49,99;
14:27:08;374;49,98;
14:27:11;372;49,99;
14:27:14;376;49,99;
14:27:17;377;50,00;
14:27:26;376;50,00;
14:27:29;374;50,00;
14:27:32;371;50,00;
14:27:34;365;50,00;
14:27:42;358;50,00;
14:27:44;357;50,00;
14:27:51;349;50,00;
14:27:54;344;50,00;
14:27:56;342;50,00;
14:27:58;334;50,00;
14:28:04;330;50,01;
14:28:06;332;50,01;
14:28:12;323;50,01;
14:28:14;321;50,01;
14:28:16;318;50,01;
14:28:22;317;50,01;
14:28:25;320;50,00;
14:28:28;319;50,00;
14:28:31;318;50,00;
14:28:34;315;50,00;
14:28:36;322;50,00;
14:28:38;329;50,00;
14:28:44;330;50,00;
14:28:52;335;50,00;
14:28:54;336;50,00;
14:28:56;333;50,00;
14:29:02;343;50,00;
14:29:04;349;50,00;
14:29:07;354;50,00;
14:29:14;353;50,00;
14:29:16;364;50,00;
14:29:18;371;50,00;
14:29:24;376;49,99;
14:29:26;383;49,98;
14:29:32;390;49,98;
14:29:38;399;49,98;
14:29:41;402;49,98;
14:29:44;408;49,98;
14:29:47;412;49,98;
14:29:49;412;49,99;
14:29:52;404;49,99;
14:29:55;408;50,00;
14:29:57;409;50,00;
14:29:59;403;50,00;
14:30:02;406;50,00;
14:30:04;404;50,00;
14:30:06;401;49,99;
14:30:12;398;49,99;
14:30:15;395;49,98;
14:30:17;392;49,98;
14:30:19;391;49,98;
14:30:22;378;49,96;
14:30:24;373;49,96;
14:30:26;378;49,95;
14:30:32;369;49,96;
14:30:34;353;49,96;
14:30:41;356;49,96;
14:30:44;346;49,96;
14:30:47;343;49,96;
14:30:49;337;49,96;
14:30:51;336;49,96;
14:30:54;335;49,96;
14:30:56;330;49,97;
14:31:02;331;49,97;
14:31:04;328;49,98;
14:31:06;330;49,98;
14:31:12;329;49,98;
14:31:14;327;49,98;
14:31:17;323;49,97;
14:31:21;324;49,97;
14:31:24;322;49,97;
14:31:27;318;49,97;
14:31:30;319;49,97;
14:31:32;317;49,98;
14:31:34;318;49,98;
14:31:35;319;49,98;
14:31:39;312;49,98;
14:31:42;320;49,98;
14:31:45;312;49,97;
14:31:49;317;49,96;
14:31:54;310;49,96;
14:31:57;316;49,97;
14:32:00;319;49,97;
14:32:02;317;49,98;
14:32:04;322;49,98;
14:32:12;319;49,98;
14:32:14;322;49,98;
14:32:17;326;49,98;
14:32:20;327;49,98;
14:32:22;330;49,98;
14:32:24;327;49,97;
14:32:26;325;49,97;
14:32:29;327;49,97;
14:32:31;327;49,96;
14:32:35;323;49,97;
14:32:39;317;49,97;
14:32:45;318;49,96;
14:32:49;320;49,96;
14:32:52;319;49,96;
14:32:54;318;49,97;
14:32:56;317;49,97;
14:32:59;317;49,98;
14:33:00;315;49,98;
14:33:07;318;49,99;
14:33:10;321;49,99;
14:33:12;322;49,99;
14:33:19;326;49,99;
14:33:23;327;49,99;
14:33:25;333;49,98;
14:33:27;337;49,98;
14:33:35;342;49,98;
14:33:39;341;49,98;
14:33:42;344;49,98;
14:33:44;333;49,98;
14:33:47;337;49,98;
14:33:52;341;49,98;
14:33:55;338;49,98;
14:33:57;340;49,98;
14:33:59;333;49,98;
14:34:06;335;49,97;
14:34:09;336;49,97;
14:34:15;339;49,97;
14:34:19;341;49,98;
14:34:21;343;49,98;
14:34:27;347;49,97;
14:34:31;356;49,97;
14:34:34;360;49,98;
14:34:35;363;49,98;
14:34:40;367;49,97;
14:34:42;365;49,98;
14:34:44;371;49,98;
14:34:47;380;49,98;
14:34:52;375;49,98;
14:34:56;380;49,98;
14:34:59;387;49,98;
14:35:00;392;49,98;
14:35:05;390;49,98;
14:35:09;396;49,98;
14:35:10;399;49,98;
14:35:20;398;49,98;
14:35:24;396;49,98;
14:35:27;398;49,97;
14:35:31;396;49,96;
14:35:35;389;49,96;
14:35:39;390;49,97;
14:35:40;388;49,96;
14:35:47;387;49,96;
14:35:51;386;49,96;
14:35:55;381;49,97;
14:35:59;382;49,97;
14:36:02;380;49,98;
14:36:04;378;49,98;
14:36:12;382;49,97;
14:36:14;381;49,97;
14:36:15;380;49,97;
14:36:22;384;49,97;
14:36:24;380;49,97;
14:36:25;384;49,97;
14:36:32;385;49,97;
14:36:36;386;49,97;
14:36:39;387;49,98;
14:36:40;381;49,98;
14:36:44;386;49,98;
14:36:45;377;49,98;
14:36:52;386;49,98;
14:36:54;387;49,98;
14:37:02;386;49,98;
14:37:06;385;49,99;
14:37:09;382;49,98;
14:37:10;383;49,99;
14:37:15;379;49,98;
14:37:18;381;49,98;
14:37:22;377;49,98;
14:37:24;376;49,98;
14:37:25;374;49,99;
14:37:32;370;49,98;
14:37:34;372;49,98;
14:37:40;371;49,98;
14:37:44;370;49,98;
14:37:50;365;49,98;
14:37:54;369;49,99;
14:37:55;368;49,99;
14:38:02;370;49,99;
14:38:06;369;49,99;
14:38:09;364;50,00;
14:38:10;363;50,00;
14:38:14;361;50,00;
14:38:15;361;50,01;
14:38:22;356;50,00;
14:38:26;355;50,00;
14:38:30;350;50,00;
14:38:34;347;50,00;
14:38:35;348;49,99;
14:38:44;350;49,99;
14:38:50;343;50,00;
14:38:54;345;50,00;
14:38:57;349;49,99;
14:39:02;350;50,00;
14:39:06;348;49,99;
14:39:09;346;50,00;
14:39:12;345;50,00;
14:39:14;343;50,00;
14:39:20;320;50,00;
14:39:24;326;50,00;
14:39:27;332;49,99;
14:39:35;326;50,00;
14:39:39;318;50,00;
14:39:42;314;50,00;
14:39:45;311;50,00;
14:39:48;306;50,00;
14:39:51;307;50,00;
14:39:54;297;50,00;
14:39:57;290;49,99;
14:40:01;291;49,99;
14:40:04;289;49,99;
14:40:07;288;50,00;
14:40:11;282;50,00;
14:40:14;288;50,00;
14:40:20;290;50,00;
14:40:23;294;50,00;
14:40:26;293;50,00;
14:40:29;295;50,00;
14:40:30;300;50,00;
14:40:35;304;49,99;
14:40:38;307;49,99;
14:40:41;308;50,00;
14:40:44;316;50,00;
14:40:47;322;50,01;
14:40:51;323;50,01;
14:40:54;324;50,01;
14:40:57;326;50,00;
14:41:01;324;50,00;
14:41:04;331;50,00;
14:41:07;330;50,00;
14:41:12;336;49,99;
14:41:16;340;49,99;
14:41:19;341;49,99;
14:41:22;343;49,99;
14:41:24;345;49,98;
14:41:27;348;49,98;
14:41:31;352;49,98;
14:41:34;355;49,97;
14:41:37;356;49,98;
14:41:41;352;49,98;
14:41:44;355;49,98;
14:41:45;346;49,98;
14:41:48;353;49,98;
14:41:52;341;49,98;
14:41:56;340;49,98;
14:41:59;336;49,98;
14:42:00;332;49,98;
14:42:07;330;49,99;
14:42:11;318;49,99;
14:42:14;310;49,99;
14:42:17;305;49,99;
14:42:22;298;49,99;
14:42:25;288;49,99;
14:42:28;287;50,00;
14:42:31;277;50,00;
14:42:34;274;50,00;
14:42:35;275;50,00;
14:42:38;269;50,00;
14:42:46;268;50,00;
14:42:49;264;50,00;
14:42:50;258;50,00;
14:42:57;254;50,00;
14:43:04;250;50,00;
14:43:07;245;50,00;
14:43:10;244;50,00;
14:43:13;240;50,00;
14:43:16;229;49,99;
14:43:19;224;49,98;
14:43:22;221;49,98;
14:43:24;223;49,98;
14:43:27;217;49,98;
14:43:31;219;49,97;
14:43:34;214;49,97;
14:43:37;216;49,98;
14:43:43;213;49,98;
14:43:46;213;49,99;
14:43:50;211;49,99;
14:43:54;214;49,99;
14:43:57;213;50,00;
14:44:01;214;50,00;
14:44:04;219;50,00;
14:44:07;215;49,99;
14:44:10;219;49,99;
14:44:13;218;49,99;
14:44:16;221;49,99;
14:44:19;223;49,99;
14:44:20;229;49,99;
14:44:30;230;50,00;
14:44:33;232;50,00;
14:44:36;228;49,99;
14:44:42;220;49,99;
14:44:46;223;49,99;
14:44:49;210;50,00;
14:44:50;207;49,99;
14:44:56;202;49,99;
14:44:59;207;50,00;
14:45:04;209;49,99;
14:45:05;206;49,99;
14:45:11;202;49,99;
14:45:14;196;49,99;
14:45:17;200;49,98;
14:45:20;199;49,98;
14:45:26;198;49,98;
14:45:29;199;49,98;
14:45:32;201;49,98;
14:45:35;199;49,99;
14:45:41;194;49,99;
14:45:44;191;49,99;
14:45:47;189;49,99;
14:45:50;189;49,98;
14:45:53;185;49,98;
14:46:00;182;49,98;
14:46:06;178;49,99;
14:46:09;175;49,99;
14:46:12;174;49,99;
14:46:16;170;49,99;
14:46:19;170;49,98;
14:46:32;172;49,98;
14:46:35;177;49,98;
14:46:38;178;49,98;
14:46:41;179;49,97;
14:46:44;180;49,98;
14:46:50;182;49,98;
14:46:53;182;49,99;
14:46:56;179;49,99;
14:46:59;183;49,99;
14:47:02;176;49,99;
14:47:05;170;49,98;
14:47:08;171;49,98;
14:47:11;168;49,98;
14:47:17;158;49,97;
14:47:20;157;49,97;
14:47:23;153;49,98;
14:47:26;149;49,98;
14:47:29;144;49,98;
14:47:32;143;49,98;
14:47:35;138;49,98;
14:47:38;135;49,98;
14:47:41;126;49,98;
14:47:44;124;49,98;
14:47:47;123;49,98;
14:47:50;120;49,98;
14:47:53;113;49,98;
14:47:56;112;49,98;
14:47:59;108;49,98;
14:48:05;104;49,99;
14:48:08;102;49,99;
14:48:11;100;49,98;
14:48:14;98;49,98;
14:48:17;97;49,98;
14:48:24;95;49,98;
14:48:27;94;49,98;
14:48:31;93;49,98;
14:48:34;95;49,98;
14:48:37;93;49,98;
14:48:40;94;49,98;
14:48:43;93;49,98;
14:48:49;94;49,98;
14:48:52;93;49,98;
14:48:55;91;50,00;
14:49:01;94;50,01;
14:49:07;91;50,01;
14:49:10;88;50,00;
14:49:13;87;50,00;
14:49:16;86;49,99;
14:49:19;85;49,98;
14:49:22;86;49,98;
14:49:25;85;49,98;
14:49:34;85;49,99;
14:49:37;90;49,99;
14:49:40;91;50,00;
14:49:43;90;50,00;
14:49:46;94;50,00;
14:49:52;98;50,00;
14:49:55;101;50,00;
14:49:58;104;50,00;
14:50:01;106;50,00;
14:50:04;111;50,00;
14:50:07;113;50,00;
14:50:10;116;50,00;
14:50:13;119;50,00;
14:50:16;124;50,00;
14:50:19;128;50,00;
14:50:22;131;50,00;
14:50:25;136;50,00;
14:50:29;142;50,00;
14:50:32;144;50,00;
14:50:35;145;50,00;
14:50:38;155;49,98;
14:50:41;158;49,98;
14:50:44;162;49,98;
14:50:47;165;49,98;
14:50:50;171;49,99;
14:50:53;172;49,99;
14:50:56;176;49,99;
14:50:59;180;50,00;
14:51:06;187;50,00;
14:51:09;189;50,00;
14:51:10;190;50,00;
14:51:16;189;50,00;
14:51:19;191;50,00;
14:51:22;194;49,99;
14:51:28;194;49,98;
14:51:34;192;49,98;
14:51:37;189;49,97;
14:51:40;188;49,97;
14:51:43;191;49,98;
14:51:46;186;49,98;
14:51:49;185;49,98;
14:51:52;183;49,99;
14:51:55;179;50,00;
14:51:58;178;50,00;
14:52:04;169;50,00;
14:52:07;177;50,00;
14:52:10;170;49,99;
14:52:13;174;49,99;
14:52:16;151;49,98;
14:52:19;143;49,98;
14:52:25;152;49,99;
14:52:28;171;49,99;
14:52:31;174;49,99;
14:52:34;174;50,00;
14:52:37;175;50,00;
14:52:40;172;50,00;
14:52:49;170;50,00;
14:52:52;169;50,00;
14:52:55;165;50,00;
14:52:58;164;50,00;
14:53:01;161;50,00;
14:53:04;152;49,99;
14:53:10;150;50,00;
14:53:13;158;50,00;
14:53:16;147;49,99;
14:53:19;152;49,99;
14:53:25;148;49,99;
14:53:28;147;49,99;
14:53:31;148;49,99;
14:53:34;145;49,98;
14:53:40;146;49,98;
14:53:43;147;49,98;
14:53:46;143;49,98;
14:53:49;147;49,98;
14:53:55;148;49,98;
14:53:58;149;49,98;
14:54:01;151;49,98;
14:54:04;152;49,98;
14:54:07;155;49,99;
14:54:13;156;49,98;
14:54:16;159;49,99;
14:54:19;161;49,99;
14:54:22;164;49,99;
14:54:25;167;49,99;
14:54:28;168;49,99;
14:54:31;169;49,99;
14:54:34;170;49,98;
14:54:40;172;49,98;
14:54:43;175;49,98;
14:54:46;174;49,98;
14:54:49;177;49,98;
14:54:52;174;49,98;
14:54:55;175;49,99;
14:55:01;170;49,99;
14:55:04;180;49,99;
14:55:07;172;49,99;
14:55:10;179;49,99;
14:55:13;177;49,99;
14:55:19;171;49,99;
14:55:22;180;49,99;
14:55:25;178;49,98;
14:55:28;176;49,98;
14:55:31;179;49,98;
14:55:34;178;49,98;
14:55:40;179;49,98;
14:55:43;180;49,98;
14:55:46;182;49,98;
14:55:49;179;49,98;
14:55:52;181;49,98;
14:55:55;179;49,98;
14:55:58;180;49,98;
14:56:01;176;49,97;
14:56:07;177;49,97;
14:56:10;175;49,98;
14:56:13;176;49,98;
14:56:16;173;49,98;
14:56:19;168;49,98;
14:56:22;169;49,98;
14:56:28;165;49,98;
14:56:31;159;49,98;
14:56:34;158;49,98;
14:56:37;151;49,99;
14:56:40;148;49,99;
14:56:43;146;50,00;
14:56:46;144;49,99;
14:56:49;140;49,99;
14:56:52;135;49,99;
14:56:55;134;49,99;
14:56:58;129;49,99;
14:57:01;126;50,00;
14:57:04;124;49,99;
14:57:07;120;50,00;
14:57:16;118;50,00;
14:57:19;117;50,00;
14:57:22;118;50,00;
14:57:25;120;49,99;
14:57:34;119;49,98;
14:57:37;118;49,98;
14:57:40;120;49,99;
14:57:43;123;49,99;
14:57:46;121;49,99;
14:57:49;120;49,99;
14:57:52;119;49,99;
14:57:55;116;49,99;
14:57:58;112;50,00;
14:58:01;108;50,00;
14:58:04;106;50,00;
14:58:07;104;50,00;
14:58:10;99;50,00;
14:58:13;96;50,00;
14:58:19;89;50,00;
14:58:22;87;49,99;
14:58:25;84;50,00;
14:58:28;81;50,00;
14:58:34;79;50,00;
14:58:37;76;49,99;
14:58:40;77;50,00;
14:58:43;75;49,99;
14:58:46;74;49,99;
14:58:49;72;49,99;
14:58:55;71;49,99;
14:58:58;72;49,99;
14:59:04;70;49,99;
14:59:07;69;49,99;
14:59:10;72;49,98;
14:59:13;70;49,98;
14:59:16;69;49,98;
14:59:19;70;49,98;
14:59:25;70;49,97;
14:59:28;69;49,97;
14:59:31;71;49,97;
14:59:34;72;49,97;
14:59:37;71;49,96;
14:59:43;70;49,96;
14:59:46;72;49,96;
14:59:49;70;49,96;
14:59:52;69;49,97;
14:59:55;71;49,97;
14:59:58;70;49,97;
15:00:01;70;49,98;
15:00:10;69;49,97;
15:00:16;67;49,96;
15:00:19;68;49,97;
15:00:22;69;49,97;
15:00:25;69;49,96;
15:00:31;68;49,96;
15:00:34;69;49,96;
15:00:37;72;49,96;
15:00:43;72;49,97;
15:00:46;72;49,98;
15:00:58;71;49,98;
15:01:01;71;49,99;
15:01:07;69;49,99;
15:01:10;69;49,98;
15:01:16;66;49,98;
15:01:22;66;49,97;
15:01:25;66;49,96;
15:01:28;63;49,96;
15:01:37;61;49,96;
15:01:40;60;49,97;
15:01:46;57;49,97;
15:01:52;54;49,98;
15:01:55;51;49,98;
15:01:58;51;49,99;
15:02:01;48;49,99;
15:02:04;47;50,00;
15:02:07;45;50,00;
15:02:10;42;50,00;
15:02:22;35;50,00;
15:02:25;33;50,00;
15:02:28;32;50,00;
15:02:31;36;50,00;
15:02:34;36;49,99;
15:02:37;38;49,98;
15:02:40;36;49,98;
15:02:52;33;49,99;
15:03:01;30;49,99;
15:03:07;27;49,99;
15:03:16;24;49,99;
15:03:19;18;49,99;
15:03:22;0;49,99;
15:03:31;0;50,00;
15:03:34;0;49,99;
15:03:40;0;50,00;
15:04:22;0;49,99;
15:04:25;0;50,00;
15:04:28;0;49,99;
15:05:01;0;50,00;
15:05:22;0;49,99;
15:05:25;0;49,98;
15:05:40;0;49,99;
15:05:58;0;50,00;
15:06:07;0;49,94;
15:06:10;0;49,99;
15:06:43;0;49,98;
15:06:55;0;49,99;
15:07:04;0;50,00;
15:07:07;0;49,99;
15:07:10;0;50,00;
15:07:40;0;50,01;
15:07:49;0;50,02;
15:07:52;0;50,01;
15:08:22;0;50,00;
15:09:10;0;49,99;
15:09:16;0;49,98;
15:09:52;0;49,99;
15:09:58;0;50,00;
15:10:19;0;49,99;
15:10:28;0;50,00;
15:10:43;0;50,01;
15:10:55;0;50,00;
15:10:58;0;50,01;
15:11:04;0;50,00;
15:11:22;0;50,01;
15:11:34;0;50,00;
15:12:10;0;50,01;
15:12:13;0;50,00;
15:12:34;0;50,01;
15:12:43;0;50,00;
15:13:31;0;50,01;
15:13:46;0;50,00;
15:13:49;0;50,01;
15:13:55;0;50,00;
15:13:58;0;50,01;
15:14:01;0;50,00;
15:14:04;0;50,01;
15:14:07;0;50,00;
15:14:13;0;50,01;
15:14:22;0;50,00;
15:14:49;0;49,99;
15:14:52;0;50,00;
15:14:55;0;49,99;
15:14:58;0;50,00;
15:15:01;0;49,99;
15:15:31;0;50,00;
15:15:46;0;49,99;
15:15:49;0;50,00;
15:16:01;0;50,01;
15:16:07;0;50,00;
15:16:34;0;49,99;
15:16:43;0;50,00;
15:17:07;0;49,99;
15:17:28;0;50,00;
15:18:04;0;50,01;
15:18:13;0;50,00;
15:18:28;0;49,99;
15:18:34;0;49,98;
15:18:37;0;49,99;
15:18:40;0;49,98;
15:18:46;0;49,99;
15:18:58;0;50,00;
15:19:16;0;49,99;
15:19:34;0;49,98;
15:19:52;0;49,99;
15:19:58;0;50,00;
15:20:10;0;49,99;
15:20:22;0;50,00;
15:20:28;0;49,99;
15:20:34;0;49,98;
15:20:52;0;49,99;
15:20:58;0;50,00;
15:21:07;0;50,01;
15:21:13;0;50,00;
15:21:37;0;50,01;
15:21:52;0;50,00;
15:21:55;0;50,01;
15:22:13;0;50,00;
15:22:16;0;50,01;
15:22:31;0;50,00;
15:22:37;0;50,01;
15:23:01;0;50,00;
15:24:28;0;49,99;
15:24:31;0;50,00;
15:24:52;0;50,01;
15:25:37;0;50,00;
15:26:19;0;49,99;
15:26:28;0;50,00;
15:26:40;0;49,99;
15:26:58;0;50,00;
15:27:13;0;49,99;
15:27:16;0;50,00;
15:27:31;0;49,99;
15:27:46;0;50,00;
15:28:25;0;50,01;
15:28:28;0;50,00;
15:28:40;0;49,99;
15:28:43;0;49,98;
15:28:58;0;49,99;
15:29:04;0;50,00;
15:29:10;28;50,00;
15:29:13;58;50,00;
15:29:16;45;49,99;
15:29:22;48;49,99;
15:29:34;48;49,98;
15:29:40;51;49,99;
15:29:43;51;50,00;
15:29:58;51;49,99;
15:30:01;51;50,00;
15:30:07;52;50,00;
15:30:10;54;50,00;
15:30:16;60;50,00;
15:30:19;56;50,00;
15:30:22;54;50,00;
15:30:25;57;50,00;
15:30:37;57;49,99;
15:30:43;60;49,99;
15:30:52;61;49,99;
15:30:55;66;49,99;
15:30:58;65;49,99;
15:31:01;66;49,99;
15:31:13;66;50,00;
15:31:16;67;50,00;
15:31:19;69;49,99;
15:31:22;68;49,99;
15:31:25;66;49,98;
15:31:28;64;49,98;
15:31:31;60;49,97;
15:31:49;60;49,98;
15:31:52;59;49,98;
15:31:55;60;49,98;
15:32:04;63;49,98;
15:32:10;65;49,98;
15:32:13;67;49,98;
15:32:16;69;49,97;
15:32:19;67;49,98;
15:32:22;70;49,98;
15:32:25;72;49,98;
15:32:28;73;49,99;
15:32:34;75;49,99;
15:32:37;75;49,98;
15:33:01;75;49,99;
15:33:07;74;49,99;
15:33:13;73;49,98;
15:33:16;74;49,98;
15:33:19;74;49,97;
15:33:25;75;49,97;
15:33:31;80;49,97;
15:33:34;81;49,97;
15:33:40;84;49,97;
15:33:43;87;49,97;
15:33:49;90;49,97;
15:33:52;91;49,97;
15:33:55;96;49,97;
15:34:01;99;49,98;
15:34:04;98;49,98;
15:34:07;101;49,98;
15:34:10;104;49,98;
15:34:13;105;49,98;
15:34:16;105;49,99;
15:34:22;109;50,00;
15:34:25;111;50,00;
15:34:28;114;50,00;
15:34:31;115;49,99;
15:34:34;120;49,99;
15:34:37;122;49,98;
15:34:40;124;49,98;
15:34:43;123;49,98;
15:34:46;129;49,98;
15:34:52;134;49,98;
15:34:55;131;49,98;
15:34:58;134;49,98;
15:35:10;130;49,99;
15:35:13;133;49,99;
15:35:16;134;49,99;
15:35:19;129;49,99;
15:35:22;132;49,99;
15:35:25;132;49,98;
15:35:28;130;49,98;
15:35:31;129;49,99;
15:35:40;128;49,98;
15:35:43;131;49,99;
15:35:52;133;49,99;
15:35:55;135;49,98;
15:35:58;133;49,99;
15:36:01;137;49,99;
15:36:04;130;50,00;
15:36:07;142;50,00;
15:36:10;134;49,99;
15:36:13;133;49,99;
15:36:16;143;49,98;
15:36:19;136;49,98;
15:36:22;141;49,98;
15:36:25;139;49,98;
15:36:28;136;49,98;
15:36:31;141;49,98;
15:36:34;136;49,98;
15:36:43;134;49,98;
15:36:49;133;49,98;
15:36:52;132;49,98;
15:36:58;130;49,99;
15:37:01;125;49,99;
15:37:04;118;49,99;
15:37:07;125;49,99;
15:37:10;122;49,99;
15:37:13;116;49,99;
15:37:16;117;49,99;
15:37:19;110;50,00;
15:37:22;112;50,00;
15:37:25;106;49,99;
15:37:28;105;49,99;
15:37:34;100;49,99;
15:37:37;99;49,99;
15:37:40;98;49,99;
15:37:43;96;49,99;
15:37:46;94;49,98;
15:37:49;90;49,98;
15:37:52;91;49,98;
15:37:55;88;49,98;
15:37:58;85;49,98;
15:38:04;82;49,98;
15:38:07;81;49,98;
15:38:10;80;49,98;
15:38:13;76;49,98;
15:38:16;75;49,98;
15:38:19;74;49,98;
15:38:22;72;49,98;
15:38:28;70;49,98;
15:38:31;68;49,98;
15:38:34;67;49,97;
15:38:37;66;49,97;
15:38:40;67;49,97;
15:38:46;68;49,97;
15:38:49;67;49,98;
15:38:52;69;49,98;
15:38:55;70;49,98;
15:38:58;69;49,98;
15:39:01;70;49,98;
15:39:04;66;49,98;
15:39:10;56;50,00;
15:39:13;62;50,00;
15:39:16;67;50,00;
15:39:19;66;49,99;
15:39:22;65;50,00;
15:39:28;61;50,00;
15:39:31;62;50,00;
15:39:34;60;50,00;
15:39:43;59;50,00;
15:39:49;58;50,00;
15:39:55;61;50,00;
15:39:58;60;50,00;
15:40:07;63;50,00;
15:40:10;60;50,00;
15:40:13;63;50,00;
15:40:16;61;50,00;
15:40:19;63;50,00;
15:40:25;64;49,99;
15:40:28;65;49,99;
15:40:31;66;49,99;
15:40:34;67;49,98;
15:40:37;66;49,98;
15:40:40;66;49,99;
15:40:43;68;49,99;
15:40:46;70;50,00;
15:40:49;72;50,00;
15:41:01;73;50,00;
15:41:04;75;50,00;
15:41:07;75;49,99;
15:41:13;73;49,98;
15:41:16;72;49,98;
15:41:19;73;49,98;
15:41:22;72;49,98;
15:41:25;62;49,97;
15:41:28;59;49,96;
15:41:31;66;49,96;
15:41:34;65;49,96;
15:41:37;60;49,96;
15:41:43;57;49,96;
15:41:46;57;49,97;
15:41:49;57;49,96;
15:41:55;54;49,97;
15:41:58;53;49,97;
15:42:01;54;49,97;
15:42:07;52;49,98;
15:42:16;52;49,99;
15:42:19;55;49,99;
15:42:28;54;49,99;
15:42:31;55;49,98;
15:42:34;57;49,98;
15:42:40;55;49,98;
15:42:43;54;49,98;
15:42:52;52;49,99;
15:42:55;52;50,00;
15:42:58;55;50,00;
15:43:01;53;50,00;
15:43:04;52;50,00;
15:43:07;52;49,99;
15:43:13;54;49,99;
15:43:16;55;49,99;
15:43:19;57;49,99;
15:43:25;57;50,00;
15:43:28;58;50,00;
15:43:37;60;49,99;
15:43:40;60;50,00;
15:43:43;61;49,99;
15:43:49;60;49,99;
15:43:52;63;49,99;
15:43:58;60;49,99;
15:44:04;61;49,99;
15:44:07;59;49,99;
15:44:10;57;49,99;
15:44:13;54;49,98;
15:44:16;55;49,98;
15:44:22;51;49,98;
15:44:25;51;49,97;
15:44:28;50;49,97;
15:44:31;48;49,97;
15:44:34;48;49,98;
15:44:40;47;49,98;
15:44:43;44;49,99;
15:44:46;43;49,99;
15:44:52;44;49,99;
15:44:58;45;49,99;
15:45:04;42;49,98;
15:45:10;44;49,97;
15:45:16;46;49,97;
15:45:19;43;49,97;
15:45:22;43;49,98;
15:45:28;42;49,98;
15:45:31;42;49,97;
15:45:34;40;49,98;
15:45:37;37;49,98;
15:45:40;36;49,98;
15:45:43;38;49,98;
15:45:46;36;49,98;
15:45:49;33;49,98;
15:45:58;32;49,98;
15:46:01;30;49,98;
15:46:04;33;49,98;
15:46:10;31;49,98;
15:46:13;33;49,98;
15:46:16;33;49,99;
15:46:19;32;49,99;
15:46:22;30;49,99;
15:46:25;32;49,98;
15:46:28;30;49,98;
15:46:31;32;49,98;
15:46:34;30;49,98;
15:46:37;32;49,98;
15:46:40;33;49,98;
15:46:46;42;49,98;
15:46:49;32;49,99;
15:46:52;30;49,98;
15:46:55;31;49,99;
15:46:58;33;50,00;
15:47:01;31;50,00;
15:47:04;33;50,00;
15:47:07;40;49,99;
15:47:10;33;49,99;
15:47:16;31;49,98;
15:47:19;32;49,98;
15:47:22;30;49,98;
15:47:25;27;49,98;
15:47:28;0;49,99;
15:47:37;0;50,00;
15:47:43;0;49,99;
15:47:46;24;49,99;
15:47:49;31;49,99;
15:47:52;33;49,98;
15:47:55;29;49,98;
15:47:58;30;49,98;
15:48:01;36;49,98;
15:48:04;33;49,99;
15:48:07;32;49,99;
15:48:10;31;49,99;
15:48:13;30;49,99;
15:48:16;33;49,99;
15:48:19;33;49,98;
15:48:25;36;49,98;
15:48:31;39;49,99;
15:48:37;42;50,00;
15:48:43;45;50,01;
15:48:46;51;50,01;
15:48:55;48;50,00;
15:49:16;42;50,00;
15:49:22;45;50,00;
15:49:25;51;50,00;
15:49:34;53;49,99;
15:49:37;54;49,99;
15:49:40;55;49,99;
15:49:43;57;49,99;
15:49:46;54;49,99;
15:49:52;55;50,00;
15:49:55;54;49,99;
15:50:01;56;50,00;
15:50:04;54;50,00;
15:50:13;51;50,00;
15:50:16;52;50,00;
15:50:19;51;50,00;
15:50:46;53;50,01;
15:50:49;52;50,00;
15:50:52;53;50,00;
15:50:55;51;50,00;
15:50:58;52;50,00;
15:51:01;51;50,00;
15:51:25;50;50,00;
15:51:28;48;50,00;
15:51:58;48;49,99;
15:52:01;48;50,00;
15:52:04;48;49,99;
15:52:07;48;50,00;
15:52:10;48;49,99;
15:52:16;51;49,99;
15:52:19;48;49,99;
15:52:25;48;50,00;
15:52:37;48;49,99;
15:52:43;51;49,99;
15:52:46;49;49,99;
15:52:49;50;49,98;
15:52:52;49;49,99;
15:52:55;51;49,99;
15:52:58;51;50,00;
15:53:16;49;50,01;
15:53:19;50;50,00;
15:53:22;51;50,00;
15:53:31;50;50,00;
15:53:37;51;50,00;
15:53:46;48;50,00;
15:53:55;50;50,00;
15:53:58;48;50,00;
15:54:04;51;50,00;
15:54:07;48;50,00;
15:54:10;49;50,00;
15:54:16;50;50,00;
15:54:19;48;50,00;
15:54:22;48;49,99;
15:54:25;51;49,99;
15:54:28;48;50,00;
15:55:01;48;50,01;
15:55:07;50;50,01;
15:55:10;48;50,01;
15:55:13;47;50,00;
15:55:16;51;50,00;
15:55:22;46;50,00;
15:55:25;47;50,00;
15:55:28;46;50,00;
15:55:31;45;50,00;
15:55:37;42;49,99;
15:55:40;45;49,99;
15:55:43;42;49,99;
15:55:46;43;49,99;
15:55:49;44;49,99;
15:55:52;43;49,99;
15:55:55;42;49,99;
15:55:58;42;49,98;
15:56:04;42;49,99;
15:56:07;42;49,98;
15:56:10;41;49,98;
15:56:13;39;49,98;
15:56:28;42;49,98;
15:56:31;40;49,98;
15:56:37;42;49,98;
15:56:40;36;49,97;
15:56:43;39;49,97;
15:56:46;42;49,97;
15:56:52;46;49,98;
15:56:55;44;49,98;
15:56:58;42;49,99;
15:57:01;42;50,00;
15:57:04;45;50,00;
15:57:07;48;50,00;
15:57:10;45;50,00;
15:57:13;45;49,99;
15:57:16;42;49,99;
15:57:19;44;49,98;
15:57:22;45;49,98;
15:57:25;44;49,98;
15:57:28;45;49,97;
15:57:31;43;49,97;
15:57:37;42;49,97;
15:57:40;44;49,97;
15:57:43;28;49,97;
15:57:46;0;49,97;
15:57:49;0;49,98;
15:58:01;43;49,98;
15:58:04;36;49,98;
15:58:10;37;49,98;
15:58:13;36;49,98;
15:58:19;52;49,98;
15:58:22;59;49,97;
15:58:25;51;49,97;
15:58:28;67;49,97;
15:58:31;56;49,97;
15:58:34;62;49,96;
15:58:37;63;49,96;
15:58:40;68;49,96;
15:58:43;61;49,97;
15:58:46;72;49,97;
15:58:49;63;49,97;
15:58:52;51;49,96;
15:58:55;41;49,96;
15:58:58;57;49,96;
15:59:01;61;49,96;
15:59:04;55;49,96;
15:59:07;48;49,96;
15:59:10;74;49,96;
15:59:13;48;49,96;
15:59:19;68;49,96;
15:59:25;26;49,97;
15:59:28;53;49,97;
15:59:31;57;49,97;
15:59:34;62;49,96;
15:59:37;50;49,96;
15:59:40;51;49,96;
15:59:43;65;49,96;
15:59:46;61;49,96;
15:59:49;60;49,96;
15:59:52;58;49,97;
15:59:55;66;49,97;
15:59:58;67;49,98;
16:00:01;71;49,97;
16:00:04;73;49,97;
16:00:10;70;49,96;
16:00:13;36;49,96;
16:00:16;48;49,96;
16:00:19;60;49,96;
16:00:22;71;49,96;
16:00:25;61;49,96;
16:00:31;65;49,96;
16:00:34;70;49,96;
16:00:37;69;49,96;
16:00:40;75;49,96;
16:00:43;72;49,96;
16:00:46;65;49,97;
16:00:52;56;49,97;
16:00:55;59;49,98;
16:00:58;58;49,98;
16:01:01;51;49,98;
16:01:04;55;49,98;
16:01:07;49;49,97;
16:01:10;52;49,97;
16:01:13;58;49,98;
16:01:16;62;49,97;
16:01:19;72;49,97;
16:01:22;70;49,97;
16:01:25;50;49,98;
16:01:28;33;49,98;
16:01:31;33;49,97;
16:01:37;12;49,97;
16:01:40;51;49,96;
16:01:43;31;49,97;
16:01:46;13;49,97;
16:01:49;67;49,97;
16:01:52;56;49,97;
16:01:55;36;49,97;
16:01:58;55;49,97;
16:02:01;0;49,96;
16:02:04;0;49,97;
16:02:07;33;49,97;
16:02:10;73;49,96;
16:02:13;50;49,97;
16:02:16;36;49,97;
16:02:22;17;49,97;
16:02:25;31;49,97;
16:02:28;0;49,97;
16:02:31;33;49,97;
16:02:34;15;49,97;
16:02:37;79;49,97;
16:02:40;44;49,97;
16:02:43;53;49,97;
16:02:46;67;49,97;
16:02:49;67;49,98;
16:02:52;31;49,98;
16:02:55;70;49,98;
16:02:58;37;49,98;
16:03:01;78;49,98;
16:03:04;27;49,98;
16:03:07;45;49,97;
16:03:10;0;49,97;
16:03:22;0;49,96;
16:03:46;0;49,97;
16:03:52;0;49,98;
16:04:34;0;49,97;
16:04:46;0;49,98;
16:04:55;0;49,99;
16:04:58;0;50,00;
16:05:13;0;49,99;
16:05:34;0;49,98;
16:05:40;0;49,94;
16:05:43;0;49,99;
16:05:46;0;50,00;
16:06:31;0;49,99;
16:06:43;0;50,00;
16:07:31;0;49,99;
16:07:43;0;49,98;
16:07:55;0;49,97;
16:08:07;0;49,98;
16:08:16;0;49,97;
16:08:22;0;49,98;
16:08:25;0;49,97;
16:08:28;0;49,98;
16:08:31;0;49,97;
16:08:37;0;49,98;
16:09:01;0;49,97;
16:09:13;0;49,98;
16:09:31;0;49,99;
16:09:34;;;
