Datum (GMT+1);Import Saldo;Kernenergie;Nicht Erneuerbar;Erneuerbar;Strompreis
03.01.2022 00:00;;3.333.888;15.910.381;39.562.893;-0.01
03.01.2022 00:15;;3.332.048;15.893.986;38560.15;-0.01
03.01.2022 00:30;;3.256.692;15.733.783;37.865.503;-0.01
03.01.2022 00:45;;3.192.926;15.650.434;39.507.613;-0.01
03.01.2022 01:00;;3.171.994;15.596.178;39.181.155;-0.07
03.01.2022 01:15;;3.140.321;15.487.332;38.305.026;-0.07
03.01.2022 01:30;;3.140.411;15.539.772;37.876.451;-0.07
03.01.2022 01:45;;3133.57;15.489.987;37.210.779;-0.07
03.01.2022 02:00;;3.135.391;15.481.743;36.441.941;-1.05
03.01.2022 02:15;;3122.93;15.532.729;37.951.995;-1.05
03.01.2022 02:30;;3.076.725;15.521.025;37.226.621;-1.05
03.01.2022 02:45;;3.073.725;15.541.965;37.395.896;-1.05
03.01.2022 03:00;;3.101.228;15.536.552;37.988.022;-1
03.01.2022 03:15;;3.080.816;15.513.128;39.194.297;-1
03.01.2022 03:30;;3.107.728;15.659.461;39007.26;-1
03.01.2022 03:45;;3.201.277;15.833.627;39682.29;-1
03.01.2022 04:00;;3.307.126;16022.55;41.551.291;0.32
03.01.2022 04:15;;3.338.879;16.327.001;42510.48;0.32
03.01.2022 04:30;;3.344.059;16.616.116;43.118.785;0.32
03.01.2022 04:45;;3.339.109;16.887.147;45.270.797;0.32
03.01.2022 05:00;;3.321.597;17.331.862;47.951.115;37.55
03.01.2022 05:15;;3.326.528;17.807.987;48.301.296;37.55
03.01.2022 05:30;;3.341.709;18.318.549;48379.56;37.55
03.01.2022 05:45;;3.334.678;18.938.324;49.050.452;37.55
03.01.2022 06:00;;3.313.717;19.939.116;50.150.553;88.76
03.01.2022 06:15;;3.340.859;20.482.407;49.740.032;88.76
03.01.2022 06:30;;3.345.729;20.785.938;49.714.762;88.76
03.01.2022 06:45;;3347.33;21.558.489;49.587.269;88.76
03.01.2022 07:00;;3.333.628;22.835.691;48.831.424;122.93
03.01.2022 07:15;;3.345.029;23.507.696;48.610.592;122.93
03.01.2022 07:30;;3.345.359;23934.69;49.226.008;122.93
03.01.2022 07:45;;3.345.529;24.326.607;49.565.038;122.93
03.01.2022 08:00;;3347.81;24.743.946;49.369.302;110.17
03.01.2022 08:15;;3346.85;24.998.151;49526.18;110.17
03.01.2022 08:30;;3.345.289;25.185.343;50.004.968;110.17
03.01.2022 08:45;;3346.97;25.508.271;50182.83;110.17
03.01.2022 09:00;;3353.36;25.798.372;50.629.513;93.38
03.01.2022 09:15;;3356.3;25.881.593;51.399.394;93.38
03.01.2022 09:30;;3351.34;25.965.364;51.941.999;93.38
03.01.2022 09:45;;3.345.069;25.808.803;52.421.659;93.38
03.01.2022 10:00;;3.378.702;25733.42;52.829.675;90.73
03.01.2022 10:15;;3.455.779;25.850.082;53.351.728;90.73
03.01.2022 10:30;;3.525.756;25.832.039;53.850.588;90.73
03.01.2022 10:45;;3.639.356;25.882.744;54.275.796;90.73
03.01.2022 11:00;;3.787.429;25.938.894;54.068.537;82.37
03.01.2022 11:15;;3.917.481;26045.76;53.863.519;82.37
03.01.2022 11:30;;3.973.676;26.120.187;53.292.702;82.37
03.01.2022 11:45;;3.996.728;26.154.615;53.061.713;82.37
03.01.2022 12:00;;4023.44;26.229.741;52.403.819;80.9
03.01.2022 12:15;;4.039.612;26393.41;52.007.428;80.9
03.01.2022 12:30;;4.048.372;26.517.692;51.561.771;80.9
03.01.2022 12:45;;4.051.243;26.606.218;51.137.156;80.9
03.01.2022 13:00;;4.046.022;26745.99;50.492.279;80.99
03.01.2022 13:15;;4.050.213;26.786.025;49.716.081;80.99
03.01.2022 13:30;;4.046.682;26.960.438;49055.18;80.99
03.01.2022 13:45;;4.045.742;27350.28;48.355.508;80.99
03.01.2022 14:00;;4.045.882;27.859.612;47.324.762;98.05
03.01.2022 14:15;;4.045.322;28.100.195;46.193.496;98.05
03.01.2022 14:30;;4.045.012;28.344.723;45.595.157;98.05
03.01.2022 14:45;;4.045.392;28.523.138;45.397.153;98.05
03.01.2022 15:00;;4.045.952;28968.81;45.348.592;123.51
03.01.2022 15:15;;4.047.452;29.308.731;44.962.596;123.51
03.01.2022 15:30;;4.048.662;29.762.132;44.586.622;123.51
03.01.2022 15:45;;4.050.273;29.768.569;44.402.045;123.51
03.01.2022 16:00;;4.046.172;29.761.717;44.351.734;148.49
03.01.2022 16:15;;4.048.952;30.091.522;44.387.669;148.49
03.01.2022 16:30;;4.053.363;30154.66;44.326.772;148.49
03.01.2022 16:45;;4.052.153;30.114.658;44.139.522;148.49
03.01.2022 17:00;;4.050.513;30.165.596;44.376.396;138
03.01.2022 17:15;;4.048.502;30.230.167;44.388.458;138
03.01.2022 17:30;;4.048.632;30.258.869;44.426.267;138
03.01.2022 17:45;;4.053.103;30264.09;44.156.028;138
03.01.2022 18:00;;4.054.213;30.285.799;43.897.199;117.64
03.01.2022 18:15;;4.054.413;30.236.164;43.177.805;117.64
03.01.2022 18:30;;4.056.283;30.212.213;42.523.571;117.64
03.01.2022 18:45;;4.053.853;30.219.882;41.997.582;117.64
03.01.2022 19:00;;4.054.043;30.358.713;41.534.605;117.71
03.01.2022 19:15;;4.053.633;30.362.031;40.727.467;117.71
03.01.2022 19:30;;4.056.663;30.479.664;40.258.582;117.71
03.01.2022 19:45;;4.057.273;30.197.038;39.748.438;117.71
03.01.2022 20:00;;4.058.593;30.389.955;39.637.153;95.95
03.01.2022 20:15;;4.056.833;30.484.482;39.025.516;95.95
03.01.2022 20:30;;4.055.763;30.573.596;38.559.518;95.95
03.01.2022 20:45;;4.055.613;30.579.546;38.263.862;95.95
03.01.2022 21:00;;4.054.493;30.126.665;37.265.382;105.68
03.01.2022 21:15;;4.065.024;30.124.961;36.876.515;105.68
03.01.2022 21:30;;4.063.654;30.139.861;36.585.383;105.68
03.01.2022 21:45;;4.065.034;30154.73;36.091.011;105.68
03.01.2022 22:00;;4.066.864;29.681.088;35.583.011;95.26
03.01.2022 22:15;;4.066.464;29.727.617;34.839.772;95.26
03.01.2022 22:30;;4.066.824;29.598.211;34.433.316;95.26
03.01.2022 22:45;;4.065.024;29.388.189;33.751.026;95.26
03.01.2022 23:00;;4.067.364;29.672.266;33.290.078;103.7
03.01.2022 23:15;;4.064.714;29.727.578;33.299.095;103.7
03.01.2022 23:30;;4.060.643;29.638.671;33.166.055;103.7
03.01.2022 23:45;;4.058.043;29.538.992;32.724.405;103.7
04.01.2022 00:00;;4.061.794;29.341.097;32345.94;108.27
04.01.2022 00:15;;4.065.574;29.231.478;31.929.343;108.27
04.01.2022 00:30;;4.067.384;29.486.148;31.359.739;108.27
04.01.2022 00:45;;4.066.234;29.275.942;30.831.509;108.27
04.01.2022 01:00;;4.067.364;28.471.285;30.403.002;105.92
04.01.2022 01:15;;4.067.674;28.255.098;29.638.167;105.92
04.01.2022 01:30;;4.066.944;28.150.884;28.996.939;105.92
04.01.2022 01:45;;4.066.554;28.360.784;28.830.842;105.92
04.01.2022 02:00;;4.067.414;28.621.908;28.420.328;103.41
04.01.2022 02:15;;4.066.794;28.729.841;27.952.169;103.41
04.01.2022 02:30;;4.066.684;28711.6;27.501.937;103.41
04.01.2022 02:45;;4.068.114;29.201.628;26.871.535;103.41
04.01.2022 03:00;;4.067.184;30.101.837;26.173.767;102.71
04.01.2022 03:15;;4.066.404;30.592.641;25.568.852;102.71
04.01.2022 03:30;;4.068.124;30.816.103;25.280.215;102.71
04.01.2022 03:45;;4.066.174;31.251.765;24.781.159;102.71
04.01.2022 04:00;;4.058.833;31.886.857;24.658.551;114.23
04.01.2022 04:15;;4.062.744;32.628.692;24.301.828;114.23
04.01.2022 04:30;;4.067.324;33.144.459;23.951.123;114.23
04.01.2022 04:45;;4.065.694;33.877.184;23.871.321;114.23
04.01.2022 05:00;;4.058.833;35.504.817;23.996.667;156.91
04.01.2022 05:15;;4.060.713;37.072.429;23.845.583;156.91
04.01.2022 05:30;;4.062.994;38.130.191;23.930.315;156.91
04.01.2022 05:45;;4.065.884;39.283.933;23773.92;156.91
04.01.2022 06:00;;4.054.933;40.373.722;23.667.615;182.64
04.01.2022 06:15;;4.063.424;40.862.403;23.465.686;182.64
04.01.2022 06:30;;4.064.974;41.514.405;23.301.363;182.64
04.01.2022 06:45;;4.065.024;42.033.953;23.516.174;182.64
04.01.2022 07:00;;4.056.703;42.662.412;23121.54;178.91
04.01.2022 07:15;;4.066.064;43.450.891;22.966.993;178.91
04.01.2022 07:30;;4.068.104;43.925.682;23.012.253;178.91
04.01.2022 07:45;;4.066.514;44.328.698;22.635.473;178.91
04.01.2022 08:00;;4.067.564;44.601.223;22.501.466;190
04.01.2022 08:15;;4.068.144;44.954.075;21.939.432;190
04.01.2022 08:30;;4.065.954;45.092.202;22.232.385;190
04.01.2022 08:45;;4.062.494;45102.66;22.622.082;190
04.01.2022 09:00;;4.066.994;45.297.974;23.252.828;189.88
04.01.2022 09:15;;4.064.784;45.313.555;23.670.101;189.88
04.01.2022 09:30;;4.064.214;45.372.136;24.080.235;189.88
04.01.2022 09:45;;4.064.574;45.351.605;23.871.533;189.88
04.01.2022 10:00;;4.066.324;45.415.325;24.001.662;182.42
04.01.2022 10:15;;4.065.544;45.480.698;24.367.435;182.42
04.01.2022 10:30;;4.064.224;45.576.582;24.866.868;182.42
04.01.2022 10:45;;4.058.583;45.781.042;25.300.342;182.42
04.01.2022 11:00;;4.056.923;45.744.307;25.783.483;182.46
04.01.2022 11:15;;4.051.653;45.645.798;26.050.818;182.46
04.01.2022 11:30;;4.052.153;45.606.632;26.317.869;182.46
04.01.2022 11:45;;4.050.363;45.601.168;26759.17;182.46
04.01.2022 12:00;;4.051.213;45.805.721;26.912.003;179.59
04.01.2022 12:15;;4.051.823;45.654.106;27.213.606;179.59
04.01.2022 12:30;;4.051.363;45.508.304;27527.53;179.59
04.01.2022 12:45;;4.047.692;45.338.236;27.516.291;179.59
04.01.2022 13:00;;4.050.493;45.262.112;27.596.582;179
04.01.2022 13:15;;4.047.752;45.199.162;26.986.084;179
04.01.2022 13:30;;4.047.402;45.124.386;26.699.198;179
04.01.2022 13:45;;4.050.723;44.842.747;26.525.246;179
04.01.2022 14:00;;4.053.143;45.027.683;27.238.624;180.93
04.01.2022 14:15;;4.055.013;45.224.208;27.433.471;180.93
04.01.2022 14:30;;4.058.203;45.085.795;27.330.336;180.93
04.01.2022 14:45;;4.060.413;45.093.556;27.135.068;180.93
04.01.2022 15:00;;4.060.793;45.007.749;27.368.449;166.69
04.01.2022 15:15;;4.062.084;45.061.702;27.554.538;166.69
04.01.2022 15:30;;4.065.304;45145.66;27.738.231;166.69
04.01.2022 15:45;;4.064.774;45176.42;28.056.701;166.69
04.01.2022 16:00;;4.065.724;45.440.496;28.250.109;189.88
04.01.2022 16:15;;4.065.194;45.556.026;28.750.026;189.88
04.01.2022 16:30;;4.063.284;45.599.964;28.482.152;189.88
04.01.2022 16:45;;4.065.074;45545.35;28.588.934;189.88
04.01.2022 17:00;;4.062.574;45.354.488;28461.43;184.94
04.01.2022 17:15;;4.064.164;45.389.069;28.544.531;184.94
04.01.2022 17:30;;4.067.704;45.339.052;28568.25;184.94
04.01.2022 17:45;;4.069.764;45271.68;28.537.797;184.94
04.01.2022 18:00;;4.072.505;45.164.891;28.495.368;178.99
04.01.2022 18:15;;4.072.955;44.865.968;28.602.083;178.99
04.01.2022 18:30;;4.076.445;44577.05;29.449.376;178.99
04.01.2022 18:45;;4.077.715;44.295.598;29.568.518;178.99
04.01.2022 19:00;;4.079.245;43.875.412;29277.81;156.12
04.01.2022 19:15;;4.081.375;43.192.884;29.056.755;156.12
04.01.2022 19:30;;4.081.485;42.353.555;29.098.524;156.12
04.01.2022 19:45;;4.080.685;41.494.617;29159.03;156.12
04.01.2022 20:00;;4.082.785;41.057.741;29.315.067;140.92
04.01.2022 20:15;;4.086.756;40639.24;28.725.157;140.92
04.01.2022 20:30;;4.091.126;40.266.379;28.489.044;140.92
04.01.2022 20:45;;4.090.216;39988.34;28.745.494;140.92
04.01.2022 21:00;;4.090.226;39.905.691;28.508.032;137.92
04.01.2022 21:15;;4.090.266;39.700.606;28.542.843;137.92
04.01.2022 21:30;;4.089.426;39.585.372;28.662.486;137.92
04.01.2022 21:45;;4.090.376;39383.86;29.083.395;137.92
04.01.2022 22:00;;4.088.786;38.772.784;29.023.574;97.56
04.01.2022 22:15;;4.087.086;38.422.567;29.250.681;97.56
04.01.2022 22:30;;4.086.376;37.696.993;29.201.393;97.56
04.01.2022 22:45;;4.088.746;36.701.699;29.377.659;97.56
04.01.2022 23:00;;4.091.676;34.388.656;29.575.097;105.31
04.01.2022 23:15;;4.093.486;33.669.138;29.969.554;105.31
04.01.2022 23:30;;4.089.966;32.692.202;30.035.734;105.31
04.01.2022 23:45;;4.082.745;32.400.905;30.605.956;105.31
05.01.2022 00:00;;4.094.827;31.993.507;31.075.952;97.29
05.01.2022 00:15;;4.094.927;31.758.842;31.514.615;97.29
05.01.2022 00:30;;4.095.147;31.451.276;31.815.402;97.29
05.01.2022 00:45;;4.093.176;31.168.222;31.865.997;97.29
05.01.2022 01:00;;4.096.947;30.641.439;32.695.512;84.5
05.01.2022 01:15;;4.096.367;30.155.813;33.676.624;84.5
05.01.2022 01:30;;4.095.617;29744.37;34.009.607;84.5
05.01.2022 01:45;;4.096.097;29.087.984;34.669.852;84.5
05.01.2022 02:00;;4.099.107;28.553.632;35.237.894;75.38
05.01.2022 02:15;;4.096.507;28.180.171;35.728.322;75.38
05.01.2022 02:30;;4.098.877;28.045.338;36.152.571;75.38
05.01.2022 02:45;;4.099.087;28.086.176;36.574.453;75.38
05.01.2022 03:00;;4.099.117;28.462.154;36.797.444;79.11
05.01.2022 03:15;;4.099.027;28.658.251;37.017.316;79.11
05.01.2022 03:30;;4.099.197;29.101.891;37.448.192;79.11
05.01.2022 03:45;;4.097.317;29556.92;37.791.883;79.11
05.01.2022 04:00;;4.096.427;30.360.448;38322.88;94.79
05.01.2022 04:15;;4.097.637;31.166.445;38.695.114;94.79
05.01.2022 04:30;;4.095.797;31.478.622;39287.44;94.79
05.01.2022 04:45;;4.092.926;32052.99;40.212.502;94.79
05.01.2022 05:00;;4.077.485;32.556.146;41.296.877;99.16
05.01.2022 05:15;;4.084.676;32.936.761;41.314.599;99.16
05.01.2022 05:30;;4.084.726;33.253.768;41.745.791;99.16
05.01.2022 05:45;;4.083.956;33.671.657;41838.75;99.16
05.01.2022 06:00;;4.075.845;34.617.308;42.517.247;101.15
05.01.2022 06:15;;4.082.505;34.842.169;43.247.814;101.15
05.01.2022 06:30;;4.083.736;34.859.185;43.706.612;101.15
05.01.2022 06:45;;4.084.346;34.943.052;44.023.278;101.15
05.01.2022 07:00;;4.077.365;34.946.204;44.269.366;129.56
05.01.2022 07:15;;4.089.416;34.918.255;44.780.012;129.56
05.01.2022 07:30;;4.093.466;34.511.138;45.143.086;129.56
05.01.2022 07:45;;4.090.426;34.096.768;45.869.993;129.56
05.01.2022 08:00;;4.093.576;33.781.196;46.323.366;113.37
05.01.2022 08:15;;4.089.406;33.931.787;47.030.101;113.37
05.01.2022 08:30;;4.086.096;34.015.236;47.439.736;113.37
05.01.2022 08:45;;4.086.106;33976.69;48356.2;113.37
05.01.2022 09:00;;4.085.556;33.598.877;49.342.191;94.43
05.01.2022 09:15;;4.084.686;33.398.632;50.342.294;94.43
05.01.2022 09:30;;4.084.846;33.292.012;51.425.745;94.43
05.01.2022 09:45;;4.084.146;33.132.363;52123.31;94.43
05.01.2022 10:00;;4.085.756;33.143.766;53.018.368;98.1
05.01.2022 10:15;;4.086.236;33.194.211;53455.13;98.1
05.01.2022 10:30;;4.090.406;33.100.968;53.977.307;98.1
05.01.2022 10:45;;4.094.086;32.711.055;54491.95;98.1
05.01.2022 11:00;;4.093.516;31.779.341;54.726.303;95.68
05.01.2022 11:15;;4.089.816;31.759.772;55.290.084;95.68
05.01.2022 11:30;;4.091.796;31.774.799;55.711.756;95.68
05.01.2022 11:45;;4.086.636;31.623.002;55.457.546;95.68
05.01.2022 12:00;;4.092.806;31.275.185;55.482.667;96.8
05.01.2022 12:15;;4.087.506;31.043.659;55.232.793;96.8
05.01.2022 12:30;;4.087.506;31153.86;54.986.626;96.8
05.01.2022 12:45;;4.082.465;31.347.242;54.320.659;96.8
05.01.2022 13:00;;4.085.616;31.867.019;53.601.945;107.32
05.01.2022 13:15;;4.085.586;32.049.408;53.138.999;107.32
05.01.2022 13:30;;4.086.946;32306.57;52338.86;107.32
05.01.2022 13:45;;4.087.016;32.590.045;51.622.543;107.32
05.01.2022 14:00;;4.086.866;33.223.405;50.424.013;119.48
05.01.2022 14:15;;4.086.146;33.411.182;49.534.836;119.48
05.01.2022 14:30;;4.087.496;33.488.844;49.094.704;119.48
05.01.2022 14:45;;4.087.546;33.673.565;49.136.485;119.48
05.01.2022 15:00;;4.080.585;34.314.101;48.503.854;137.28
05.01.2022 15:15;;4.086.846;34.658.823;47.593.554;137.28
05.01.2022 15:30;;4.088.016;34.770.627;46172.2;137.28
05.01.2022 15:45;;4.087.266;34.856.326;45.677.319;137.28
05.01.2022 16:00;;4.084.156;35.175.063;45.247.946;148.09
05.01.2022 16:15;;4.088.196;35.430.273;45.375.286;148.09
05.01.2022 16:30;;4.087.896;35.324.761;45.086.432;148.09
05.01.2022 16:45;;4.087.596;35.515.478;44.898.489;148.09
05.01.2022 17:00;;4.088.726;35377.86;44.918.686;139.88
05.01.2022 17:15;;4.086.216;35.179.196;44.752.702;139.88
05.01.2022 17:30;;4.087.566;35.235.988;44.492.698;139.88
05.01.2022 17:45;;4.088.966;35.020.921;44.448.111;139.88
05.01.2022 18:00;;4.091.106;34.689.864;44.260.285;135.75
05.01.2022 18:15;;4.090.916;34.618.036;44.088.236;135.75
05.01.2022 18:30;;4.093.056;34.431.486;43.605.432;135.75
05.01.2022 18:45;;4.091.816;34.101.486;43.437.261;135.75
05.01.2022 19:00;;4.092.436;33073.13;42.970.789;119.93
05.01.2022 19:15;;4.091.616;32.691.878;42.470.443;119.93
05.01.2022 19:30;;4.092.706;32.324.114;42.036.753;119.93
05.01.2022 19:45;;4.094.096;32029.13;41.147.102;119.93
05.01.2022 20:00;;4.094.987;31.693.651;40.574.005;98.09
05.01.2022 20:15;;4.091.686;31.521.612;40360.77;98.09
05.01.2022 20:30;;4.094.557;31.537.622;39.992.146;98.09
05.01.2022 20:45;;4.090.596;31418.54;39.589.805;98.09
05.01.2022 21:00;;4.095.287;31.586.149;38.819.531;118.71
05.01.2022 21:15;;4.095.847;31.733.797;38732.95;118.71
05.01.2022 21:30;;4.098.517;31.729.182;38.409.505;118.71
05.01.2022 21:45;;4.097.677;31367.72;38.016.442;118.71
05.01.2022 22:00;;4.099.637;30905.95;37.604.275;99.68
05.01.2022 22:15;;4.099.987;30.492.071;37.583.216;99.68
05.01.2022 22:30;;4.101.387;29.885.272;37.162.044;99.68
05.01.2022 22:45;;4.099.177;29.320.173;36.779.176;99.68
05.01.2022 23:00;;4.097.817;28.832.034;36.367.074;99.85
05.01.2022 23:15;;4.096.497;28.487.356;36.110.196;99.85
05.01.2022 23:30;;4.095.877;28.624.802;35.674.199;99.85
05.01.2022 23:45;;4.095.007;28.763.937;35.151.094;99.85
06.01.2022 00:00;;4.103.517;29.092.365;34.455.428;101.32
06.01.2022 00:15;;4.101.667;29.321.109;33.782.583;101.32
06.01.2022 00:30;;4.104.427;29577.88;33.667.559;101.32
06.01.2022 00:45;;4.102.837;30.254.817;33.515.334;101.32
06.01.2022 01:00;;4.099.597;31.212.829;32.840.937;110.01
06.01.2022 01:15;;4.099.167;31.702.827;32.494.179;110.01
06.01.2022 01:30;;4.099.967;31.901.355;32.165.383;110.01
06.01.2022 01:45;;4.096.977;32.214.419;31.651.423;110.01
06.01.2022 02:00;;4.099.457;32.244.231;30.895.607;111.55
06.01.2022 02:15;;4.099.807;32398.07;30.405.495;111.55
06.01.2022 02:30;;4.100.567;32.746.824;29.802.838;111.55
06.01.2022 02:45;;4.095.707;33.273.206;29.239.067;111.55
06.01.2022 03:00;;4.030.711;33.763.179;28478.28;123.37
06.01.2022 03:15;;3.997.418;34.208.763;28262.85;123.37
06.01.2022 03:30;;4.000.198;34.544.427;28.150.317;123.37
06.01.2022 03:45;;3.998.318;35.094.127;27.660.531;123.37
06.01.2022 04:00;;3.994.948;35.671.034;26.855.222;149.94
06.01.2022 04:15;;3.998.628;35.916.528;26.409.203;149.94
06.01.2022 04:30;;3.998.898;36.315.272;25.848.988;149.94
06.01.2022 04:45;;3.999.618;37.177.338;25.492.629;149.94
06.01.2022 05:00;;3.993.607;38.382.196;25.230.116;185.92
06.01.2022 05:15;;3.997.548;39.301.271;24.213.985;185.92
06.01.2022 05:30;;4.000.918;39887.49;23.164.142;185.92
06.01.2022 05:45;;3.999.768;40.768.552;22.487.315;185.92
06.01.2022 06:00;;3.998.278;41.732.122;22088.03;228.25
06.01.2022 06:15;;3.998.248;43.375.579;21.325.281;228.25
06.01.2022 06:30;;3.997.998;44.293.467;20.818.201;228.25
06.01.2022 06:45;;3.996.738;44.496.063;20.464.967;228.25
06.01.2022 07:00;;3.997.448;44.892.711;19.966.151;228.92
06.01.2022 07:15;;3.998.748;45.306.861;19.275.247;228.92
06.01.2022 07:30;;3.999.978;45.196.294;19.197.685;228.92
06.01.2022 07:45;;3.996.308;45.281.062;19.403.856;228.92
06.01.2022 08:00;;3.970.345;45412.91;19.634.224;212.9
06.01.2022 08:15;;3.969.425;45.210.731;19.761.475;212.9
06.01.2022 08:30;;3.970.595;44.967.053;20.087.001;212.9
06.01.2022 08:45;;3.969.785;44.782.213;20.797.684;212.9
06.01.2022 09:00;;3.968.865;44.752.115;21.371.192;215.5
06.01.2022 09:15;;3.968.085;44.655.319;21.831.135;215.5
06.01.2022 09:30;;3.968.045;44.634.777;22.471.658;215.5
06.01.2022 09:45;;3.966.835;44.673.942;23.188.312;215.5
06.01.2022 10:00;;3.964.535;44.475.859;23.790.472;231.9
06.01.2022 10:15;;3.960.465;44.381.014;24.152.854;231.9
06.01.2022 10:30;;3.960.264;44.155.473;24.347.409;231.9
06.01.2022 10:45;;3.965.665;44.244.126;24.449.129;231.9
06.01.2022 11:00;;3.969.785;44.374.679;24.825.659;226
06.01.2022 11:15;;3.967.475;44.051.733;24.877.444;226
06.01.2022 11:30;;3.968.495;44.146.476;24.770.039;226
06.01.2022 11:45;;3.966.595;44.144.342;24.550.182;226
06.01.2022 12:00;;3.990.497;44.127.817;24.549.145;209.2
06.01.2022 12:15;;3.995.648;43990.37;24.043.797;209.2
06.01.2022 12:30;;3.995.258;44.019.724;23.332.946;209.2
06.01.2022 12:45;;4.034.921;43.999.002;22.743.961;209.2
06.01.2022 13:00;;4.076.475;44100.66;21788.43;216.06
06.01.2022 13:15;;4.098.307;44.541.363;20.590.767;216.06
06.01.2022 13:30;;4.097.667;44.774.466;19.519.871;216.06
06.01.2022 13:45;;4.099.657;45.090.208;18.120.895;216.06
06.01.2022 14:00;;4.099.627;45.213.654;17.382.895;230.77
06.01.2022 14:15;;4.097.737;45.325.695;16.487.911;230.77
06.01.2022 14:30;;4.097.757;45.415.784;15238;230.77
06.01.2022 14:45;;4.098.377;45.530.257;14.496.614;230.77
06.01.2022 15:00;;4.096.727;45.609.711;14.388.077;245.95
06.01.2022 15:15;;4.096.987;45.621.149;15.074.086;245.95
06.01.2022 15:30;;4.096.527;45.706.556;15.723.322;245.95
06.01.2022 15:45;;4.097.307;45.660.514;16.638.015;245.95
06.01.2022 16:00;;4.098.687;45.656.275;17.746.636;274.11
06.01.2022 16:15;;4.097.247;45.697.537;18.832.113;274.11
06.01.2022 16:30;;4.098.487;45569.34;19.809.378;274.11
06.01.2022 16:45;;4.097.447;45.460.972;20.571.691;274.11
06.01.2022 17:00;;4.096.667;45.419.365;21.236.797;273.44
06.01.2022 17:15;;4.094.787;45.188.471;22191.83;273.44
06.01.2022 17:30;;4.095.817;44.947.019;22958.57;273.44
06.01.2022 17:45;;4.094.647;44.963.921;23.704.057;273.44
06.01.2022 18:00;;4.094.937;45.026.027;24.563.466;245.48
06.01.2022 18:15;;4.095.267;44.491.224;25.441.437;245.48
06.01.2022 18:30;;4.094.697;44.261.432;26.263.832;245.48
06.01.2022 18:45;;4.093.506;44.168.042;27.003.832;245.48
06.01.2022 19:00;;4.098.037;43.369.531;27.584.056;226.14
06.01.2022 19:15;;4.094.567;42.660.079;28.260.492;226.14
06.01.2022 19:30;;4.095.657;41.594.068;28.653.334;226.14
06.01.2022 19:45;;4.094.887;40.740.011;29.069.368;226.14
06.01.2022 20:00;;4.097.607;39.517.018;29.440.781;208.31
06.01.2022 20:15;;4.096.807;38.992.566;29.687.622;208.31
06.01.2022 20:30;;4.095.937;38.404.697;29720.54;208.31
06.01.2022 20:45;;4.094.987;38.045.785;29.923.382;208.31
06.01.2022 21:00;;4.099.517;37.787.206;29.670.064;178.75
06.01.2022 21:15;;4.098.607;37560.5;30.009.456;178.75
06.01.2022 21:30;;4.099.077;37.735.298;30.106.352;178.75
06.01.2022 21:45;;4.098.887;37.662.098;30.157.598;178.75
06.01.2022 22:00;;4.102.107;36.795.153;30.457.327;124.7
06.01.2022 22:15;;4.098.507;36566.08;30.806.013;124.7
06.01.2022 22:30;;4.098.757;36.394.723;31.016.034;124.7
06.01.2022 22:45;;4.092.976;36.059.238;31.141.798;124.7
06.01.2022 23:00;;4.100.327;34.796.401;31.376.558;128.92
06.01.2022 23:15;;4.091.356;33.810.206;31.699.254;128.92
06.01.2022 23:30;;4.086.296;33414.73;32.049.291;128.92
06.01.2022 23:45;;4.073.475;32941.62;31.881.735;128.92
07.01.2022 00:00;;4.100.107;32.888.631;32.167.622;118.4
07.01.2022 00:15;;4.095.167;32534.19;32.743.358;118.4
07.01.2022 00:30;;4.096.517;32.230.933;32.769.882;118.4
07.01.2022 00:45;;4.094.867;32.134.045;32.892.071;118.4
07.01.2022 01:00;;4.100.687;32203.08;33.354.521;103.01
07.01.2022 01:15;;4.100.787;31.999.232;33.778.754;103.01
07.01.2022 01:30;;4.099.187;31.903.573;34.216.496;103.01
07.01.2022 01:45;;4.095.337;31.538.214;34.668.657;103.01
07.01.2022 02:00;;4.104.597;31.330.702;34707.06;101.91
07.01.2022 02:15;;4.103.137;31.366.871;34.972.385;101.91
07.01.2022 02:30;;4.102.997;31.399.862;35.425.594;101.91
07.01.2022 02:45;;4.101.047;31.446.336;35.519.731;101.91
07.01.2022 03:00;;4.102.687;31.592.854;35.766.119;101.98
07.01.2022 03:15;;4.101.727;31.826.626;35.716.713;101.98
07.01.2022 03:30;;4.103.267;31891;35.979.513;101.98
07.01.2022 03:45;;4.102.477;32.209.886;36.179.486;101.98
07.01.2022 04:00;;4.091.996;33.177.151;36.340.054;114.99
07.01.2022 04:15;;4.099.177;33.741.661;36469.94;114.99
07.01.2022 04:30;;4.102.887;34.440.921;36.811.198;114.99
07.01.2022 04:45;;4.102.747;35.380.022;37.065.144;114.99
07.01.2022 05:00;;4.088.116;36.406.876;38.238.126;140.19
07.01.2022 05:15;;4.099.767;37.331.297;38.669.735;140.19
07.01.2022 05:30;;4.102.987;37.929.677;39.132.799;140.19
07.01.2022 05:45;;4.102.247;38.054.098;39.555.898;140.19
07.01.2022 06:00;;4.085.356;38.805.315;39.856.304;152.64
07.01.2022 06:15;;4.094.717;39.568.525;40.090.725;152.64
07.01.2022 06:30;;4.100.687;39.787.859;40.361.594;152.64
07.01.2022 06:45;;4.100.837;40.160.284;40.593.946;152.64
07.01.2022 07:00;;4.095.487;40.292.613;40.671.901;160.97
07.01.2022 07:15;;4.102.657;40.548.844;40.772.963;160.97
07.01.2022 07:30;;4.103.017;40.672.535;40.977.677;160.97
07.01.2022 07:45;;4.101.947;40.809.264;40.909.313;160.97
07.01.2022 08:00;;4.103.447;40.958.924;41.009.189;161.85
07.01.2022 08:15;;4.106.858;41.021.983;41.137.206;161.85
07.01.2022 08:30;;4.108.518;41.078.702;41.482.187;161.85
07.01.2022 08:45;;4.106.058;41087.92;41609.97;161.85
07.01.2022 09:00;;4.105.677;41.216.789;41.749.587;161.37
07.01.2022 09:15;;4.104.447;41.105.256;41966.59;161.37
07.01.2022 09:30;;4.103.467;41.093.248;42.021.207;161.37
07.01.2022 09:45;;4.102.587;41.155.951;42.075.063;161.37
07.01.2022 10:00;;4.101.457;41292.35;42.240.226;166.06
07.01.2022 10:15;;4.103.067;41.380.457;42.608.177;166.06
07.01.2022 10:30;;4.102.987;41.524.204;42.650.658;166.06
07.01.2022 10:45;;4.102.887;41.437.228;42231.11;166.06
07.01.2022 11:00;;4.103.957;41.517.918;41.820.033;166.54
07.01.2022 11:15;;4.102.967;41.697.556;41.318.125;166.54
07.01.2022 11:30;;4.103.807;41.793.783;41057.04;166.54
07.01.2022 11:45;;4.102.887;42.015.761;40.636.958;166.54
07.01.2022 12:00;;4.102.227;42.090.324;40.076.185;166.04
07.01.2022 12:15;;4.102.427;42.071.978;39.698.702;166.04
07.01.2022 12:30;;4.102.757;42.157.319;39.171.493;166.04
07.01.2022 12:45;;4.101.627;42.180.611;38.276.552;166.04
07.01.2022 13:00;;4.101.637;41.747.909;37.558.728;169.43
07.01.2022 13:15;;4.102.397;41.944.669;36.942.603;169.43
07.01.2022 13:30;;4.102.007;42.007.943;35882.17;169.43
07.01.2022 13:45;;4.102.607;42.104.913;34.863.159;169.43
07.01.2022 14:00;;4.101.547;42.082.222;34.142.205;189.7
07.01.2022 14:15;;4.100.417;42.206.946;33.601.181;189.7
07.01.2022 14:30;;4.102.007;42.230.996;33364.66;189.7
07.01.2022 14:45;;4.102.167;42.046.234;33.096.797;189.7
07.01.2022 15:00;;4.100.057;42.045.034;32.516.014;201.97
07.01.2022 15:15;;4.103.917;42.211.639;32012.29;201.97
07.01.2022 15:30;;4.103.257;42.466.768;32229.82;201.97
07.01.2022 15:45;;4.102.577;42.436.017;32.239.137;201.97
07.01.2022 16:00;;4.065.324;42.233.729;32.333.596;243.11
07.01.2022 16:15;;4.031.001;42.189.678;32.475.924;243.11
07.01.2022 16:30;;4.030.291;42.236.341;32.015.059;243.11
07.01.2022 16:45;;4.010.169;42.245.496;31.560.317;243.11
07.01.2022 17:00;;3.995.918;42.336.729;31.095.879;253.81
07.01.2022 17:15;;4.008.119;42.414.754;30.862.009;253.81
07.01.2022 17:30;;4.010.629;42.432.342;30.715.456;253.81
07.01.2022 17:45;;4.011.269;42.454.419;29.997.493;253.81
07.01.2022 18:00;;4.005.229;42.166.813;30.463.808;237.05
07.01.2022 18:15;;3.997.318;42.254.939;30.126.993;237.05
07.01.2022 18:30;;3.980.276;41.804.089;29.693.001;237.05
07.01.2022 18:45;;3.981.956;41.293.298;29.477.819;237.05
07.01.2022 19:00;;4.002.678;40.756.628;29.386.322;224.33
07.01.2022 19:15;;4.002.458;40.339.554;29.214.076;224.33
07.01.2022 19:30;;4.002.008;40.270.478;29.079.115;224.33
07.01.2022 19:45;;4.011.919;40.301.619;29.127.833;224.33
07.01.2022 20:00;;4.090.596;40.697.353;28.743.533;213.81
07.01.2022 20:15;;4.101.607;40.521.738;28.565.473;213.81
07.01.2022 20:30;;4.100.987;40.322.567;28.232.845;213.81
07.01.2022 20:45;;4.099.977;40.337.239;27.849.406;213.81
07.01.2022 21:00;;4.105.798;40.270.235;27.389.789;185.94
07.01.2022 21:15;;4.106.088;40.051.455;26.698.477;185.94
07.01.2022 21:30;;4.102.197;39.673.754;27.026.348;185.94
07.01.2022 21:45;;4.102.297;39.090.764;27.048.992;185.94
07.01.2022 22:00;;4.104.377;38206.62;26.513.021;148.32
07.01.2022 22:15;;4.101.967;37.744.535;25.700.162;148.32
07.01.2022 22:30;;4.102.237;37.596.029;25.199.269;148.32
07.01.2022 22:45;;4.098.677;37292.25;25.197.445;148.32
07.01.2022 23:00;;4.101.517;36.586.588;25.255.503;164.17
07.01.2022 23:15;;4.067.904;36.700.675;25.500.645;164.17
07.01.2022 23:30;;4025.24;36.645.797;24.863.975;164.17
07.01.2022 23:45;;3.974.766;36.432.944;25.139.755;164.17
08.01.2022 00:00;;3.982.406;36.626.582;24875.49;152.83
08.01.2022 00:15;;3.982.977;36692.88;24185.22;152.83
08.01.2022 00:30;;3.982.096;36.684.297;24.467.612;152.83
08.01.2022 00:45;;3.981.206;36.715.618;24.497.349;152.83
08.01.2022 01:00;;3.982.356;36716.43;24.053.777;166
08.01.2022 01:15;;3.982.336;36.613.283;24.057.363;166
08.01.2022 01:30;;3.983.257;36.483.493;24.168.862;166
08.01.2022 01:45;;3.982.286;36.523.197;23.917.013;166
08.01.2022 02:00;;3.984.037;36.449.596;24.118.705;160.86
08.01.2022 02:15;;3.984.357;36.372.344;24.122.091;160.86
08.01.2022 02:30;;3.984.967;36.405.377;23770.23;160.86
08.01.2022 02:45;;3.985.087;36.690.617;23.301.533;160.86
08.01.2022 03:00;;3.989.817;36.892.243;23.036.917;160
08.01.2022 03:15;;4.049.452;36.864.877;22937.26;160
08.01.2022 03:30;;4.106.828;37018.44;22.574.042;160
08.01.2022 03:45;;4.107.328;37.100.927;22.613.573;160
08.01.2022 04:00;;4.103.937;37.238.472;23.085.251;154.3
08.01.2022 04:15;;4.102.737;37.179.259;23.352.903;154.3
08.01.2022 04:30;;4.106.068;37.425.532;23.350.788;154.3
08.01.2022 04:45;;4.103.337;37.465.628;23.285.979;154.3
08.01.2022 05:00;;4.089.926;37.522.296;23.811.234;166
08.01.2022 05:15;;4.101.177;37.773.508;23.727.096;166
08.01.2022 05:30;;4.101.737;37.904.775;23387.47;166
08.01.2022 05:45;;4.100.637;37.917.511;23.714.592;166
08.01.2022 06:00;;4.088.246;37.658.718;23.706.163;182.91
08.01.2022 06:15;;4.103.327;38.047.146;23.803.647;182.91
08.01.2022 06:30;;4.106.488;38.285.167;23.947.638;182.91
08.01.2022 06:45;;4.104.807;38.384.393;24.029.887;182.91
08.01.2022 07:00;;4.098.007;38.477.583;24.571.083;215.89
08.01.2022 07:15;;4.097.487;38.528.493;25164.19;215.89
08.01.2022 07:30;;4.100.107;38.481.933;25.601.495;215.89
08.01.2022 07:45;;4.098.507;38.780.299;26.314.426;215.89
08.01.2022 08:00;;4.097.597;38.829.957;26.533.936;231
08.01.2022 08:15;;4.098.677;38.987.321;26.735.049;231
08.01.2022 08:30;;4.097.857;38.932.223;26.873.441;231
08.01.2022 08:45;;4.097.667;38.738.568;27138.02;231
08.01.2022 09:00;;4.098.337;38.383.671;27.432.129;228.95
08.01.2022 09:15;;4.093.616;38.175.408;28.042.614;228.95
08.01.2022 09:30;;4.096.807;38.310.123;28.895.941;228.95
08.01.2022 09:45;;4.097.717;38.413.778;29.646.114;228.95
08.01.2022 10:00;;4.096.487;38.433.164;30.145.112;215.39
08.01.2022 10:15;;4.097.977;38.316.632;30.462.752;215.39
08.01.2022 10:30;;4.097.957;38.382.428;31.107.695;215.39
08.01.2022 10:45;;4.096.037;38.455.671;31.828.892;215.39
08.01.2022 11:00;;4.097.177;38.182.549;32.351.728;206.68
08.01.2022 11:15;;4.098.597;38.144.001;32.674.076;206.68
08.01.2022 11:30;;4.097.557;38.144.446;33315.14;206.68
08.01.2022 11:45;;4.096.957;37919.91;33.907.544;206.68
08.01.2022 12:00;;4.097.937;37.848.783;34.454.571;185
08.01.2022 12:15;;4.096.757;37.901.616;34.768.501;185
08.01.2022 12:30;;4.096.857;37.767.341;35.120.881;185
08.01.2022 12:45;;4.094.396;37.581.072;35073.91;185
08.01.2022 13:00;;4.095.057;37.346.834;35.412.857;169.52
08.01.2022 13:15;;4.093.206;37.242.066;35.112.346;169.52
08.01.2022 13:30;;4.096.757;37282.33;34891.92;169.52
08.01.2022 13:45;;4.097.687;37335.88;34625.33;169.52
08.01.2022 14:00;;4.094.827;37.214.199;34.382.841;162.8
08.01.2022 14:15;;4.095.647;37.275.764;34.033.385;162.8
08.01.2022 14:30;;4.096.157;37.350.887;34.156.793;162.8
08.01.2022 14:45;;4.094.747;37.274.704;34463.59;162.8
08.01.2022 15:00;;4.096.447;36.953.606;34.933.705;161.34
08.01.2022 15:15;;4.097.547;36.991.091;35220.95;161.34
08.01.2022 15:30;;4.096.977;36.950.412;35.832.957;161.34
08.01.2022 15:45;;4.095.637;36.861.474;36.582.742;161.34
08.01.2022 16:00;;4.096.067;36.781.048;37.297.171;189.9
08.01.2022 16:15;;4.094.226;36.847.487;38.200.974;189.9
08.01.2022 16:30;;4.098.197;36.766.428;38563.25;189.9
08.01.2022 16:45;;4.098.187;36.668.831;39.332.638;189.9
08.01.2022 17:00;;4.098.887;36.433.967;39.933.665;170.71
08.01.2022 17:15;;4.100.807;36.337.646;40404.46;170.71
08.01.2022 17:30;;4.100.627;35.968.984;40.867.475;170.71
08.01.2022 17:45;;4.099.837;35.362.163;41.400.994;170.71
08.01.2022 18:00;;4.099.727;34.269.503;41.704.979;140.23
08.01.2022 18:15;;4.099.337;33924.27;41.978.281;140.23
08.01.2022 18:30;;4.097.737;33.645.736;42.515.124;140.23
08.01.2022 18:45;;4.098.927;32.492.496;42.879.398;140.23
08.01.2022 19:00;;4.102.197;31.022.255;43.102.149;102.54
08.01.2022 19:15;;4.097.727;30.669.198;43.332.029;102.54
08.01.2022 19:30;;4.098.637;30.195.043;43.382.986;102.54
08.01.2022 19:45;;4.098.197;29.847.967;43.761.532;102.54
08.01.2022 20:00;;4.102.277;28.899.173;43.782.226;102.18
08.01.2022 20:15;;4.101.097;28.480.189;44.081.658;102.18
08.01.2022 20:30;;4.097.787;28.147.887;44244.06;102.18
08.01.2022 20:45;;4.093.606;28.108.787;44.126.793;102.18
08.01.2022 21:00;;4.096.607;28403.25;43.258.432;102.29
08.01.2022 21:15;;4.098.927;28.146.544;43.397.384;102.29
08.01.2022 21:30;;4.097.587;27.754.763;43.580.281;102.29
08.01.2022 21:45;;4.095.567;27.008.133;43.489.731;102.29
08.01.2022 22:00;;4.098.637;26.369.196;43.260.563;90.05
08.01.2022 22:15;;4.096.427;25.835.741;43087.24;90.05
08.01.2022 22:30;;4.096.787;25.213.643;42.905.143;90.05
08.01.2022 22:45;;4.097.827;24.923.241;42.760.789;90.05
08.01.2022 23:00;;4.100.317;24.322.787;42.441.633;85.03
08.01.2022 23:15;;4.101.437;24.090.998;42244.15;85.03
08.01.2022 23:30;;4.101.437;23.744.284;42284.39;85.03
08.01.2022 23:45;;4.099.297;23.744.182;41.694.541;85.03
09.01.2022 00:00;;4.103.397;23.673.416;41.570.733;84.4
09.01.2022 00:15;;4.101.617;23.351.192;41.222.907;84.4
09.01.2022 00:30;;4.104.087;23.324.977;40.548.544;84.4
09.01.2022 00:45;;4.104.497;23.144.488;39.558.611;84.4
09.01.2022 01:00;;4.103.527;22.701.664;38.587.804;80.24
09.01.2022 01:15;;4.103.417;22.274.624;38.423.646;80.24
09.01.2022 01:30;;4.103.097;22.146.629;38.712.024;80.24
09.01.2022 01:45;;4.101.957;21.995.992;38.696.878;80.24
09.01.2022 02:00;;4.103.897;21.511.658;38064.14;55.46
09.01.2022 02:15;;4.055.643;21.344.602;37.611.344;55.46
09.01.2022 02:30;;3905.54;21.283.398;37.281.182;55.46
09.01.2022 02:45;;3.754.306;21.380.767;36898.04;55.46
09.01.2022 03:00;;3.604.113;21.442.135;36.648.072;49.29
09.01.2022 03:15;;3.452.409;21.462.764;36.618.723;49.29
09.01.2022 03:30;;3.300.185;21.351.938;36.277.989;49.29
09.01.2022 03:45;;3.149.192;21.257.241;35.841.876;49.29
09.01.2022 04:00;;2.999.058;21.095.404;35.454.206;50.64
09.01.2022 04:15;;2904.46;21.096.096;35.294.916;50.64
09.01.2022 04:30;;2.674.019;21.228.501;35.321.017;50.64
09.01.2022 04:45;;2.674.959;21.480.982;35.447.897;50.64
09.01.2022 05:00;;2.670.499;21.879.326;36.136.773;74.29
09.01.2022 05:15;;2.672.719;22.280.734;36.515.773;74.29
09.01.2022 05:30;;2.672.289;22.841.403;36.827.546;74.29
09.01.2022 05:45;;2.671.789;23.226.236;36.777.958;74.29
09.01.2022 06:00;;2.666.129;23.601.698;36.831.123;84.44
09.01.2022 06:15;;2.667.549;24.177.963;36.846.324;84.44
09.01.2022 06:30;;2.668.459;24.671.029;36.704.925;84.44
09.01.2022 06:45;;2.667.649;25.645.917;36.423.777;84.44
09.01.2022 07:00;;2.663.588;26.590.528;36.310.558;97.26
09.01.2022 07:15;;2.666.639;27.193.093;36.327.698;97.26
09.01.2022 07:30;;2.666.869;27.906.109;36.585.892;97.26
09.01.2022 07:45;;2.666.279;28.964.291;36.555.218;97.26
09.01.2022 08:00;;2.661.018;30.396.883;36.259.446;119.97
09.01.2022 08:15;;2.668.379;31.195.469;36.164.464;119.97
09.01.2022 08:30;;2.666.499;31.556.352;36.401.913;119.97
09.01.2022 08:45;;2.667.209;31.819.912;36.580.771;119.97
09.01.2022 09:00;;2.666.019;32.271.633;36.254.814;134.96
09.01.2022 09:15;;2.667.469;32.490.749;36327.46;134.96
09.01.2022 09:30;;2.668.899;32.636.842;36.528.392;134.96
09.01.2022 09:45;;2.667.019;32.766.732;36.819.203;134.96
09.01.2022 10:00;;2.668.169;33.261.615;37.055.497;149.4
09.01.2022 10:15;;2.670.369;33.295.261;37.116.178;149.4
09.01.2022 10:30;;2.671.069;33.372.291;36.988.659;149.4
09.01.2022 10:45;;2.673.089;33.374.002;36598.72;149.4
09.01.2022 11:00;;2.673.039;33.426.586;36.113.624;165.13
09.01.2022 11:15;;2.671.779;33.475.145;35.536.344;165.13
09.01.2022 11:30;;2.672.479;33.519.884;35.425.303;165.13
09.01.2022 11:45;;2.670.349;33.463.017;35.128.555;165.13
09.01.2022 12:00;;2.669.819;33.758.815;34.798.932;165.06
09.01.2022 12:15;;2.671.309;33.835.427;34.003.865;165.06
09.01.2022 12:30;;2.671.039;33.713.362;33.178.778;165.06
09.01.2022 12:45;;2.671.469;33823.34;32.232.768;165.06
09.01.2022 13:00;;2.673.329;33.987.902;31.660.511;170.09
09.01.2022 13:15;;2.673.469;34.429.108;30.892.843;170.09
09.01.2022 13:30;;2.671.149;34.877.226;29.998.392;170.09
09.01.2022 13:45;;2.672.119;35.100.968;28.925.473;170.09
09.01.2022 14:00;;2.671.039;35.354.141;28.203.352;189.04
09.01.2022 14:15;;2.670.139;36.380.348;27.332.965;189.04
09.01.2022 14:30;;2.670.449;37.291.192;26.747.911;189.04
09.01.2022 14:45;;2.670.269;38.006.852;26.388.481;189.04
09.01.2022 15:00;;2.668.179;38.524.633;25.806.045;190.96
09.01.2022 15:15;;2.670.019;38.626.842;25.395.393;190.96
09.01.2022 15:30;;2.671.329;39.164.866;24.802.677;190.96
09.01.2022 15:45;;2.672.799;39.465.763;24.463.109;190.96
09.01.2022 16:00;;2.674.679;39.856.509;24.105.621;223.3
09.01.2022 16:15;;2.674.939;40.354.778;23.824.385;223.3
09.01.2022 16:30;;2.675.659;40.605.793;23.693.516;223.3
09.01.2022 16:45;;2676.88;40.787.041;23.337.669;223.3
09.01.2022 17:00;;2677.74;41.097.414;22872.72;243.94
09.01.2022 17:15;;2677.41;41.359.696;22590.56;243.94
09.01.2022 17:30;;2675.98;41.514.529;22.298.955;243.94
09.01.2022 17:45;;2676.26;41.771.941;22.100.036;243.94
09.01.2022 18:00;;2.674.599;41.952.758;21.706.576;240
09.01.2022 18:15;;2.674.369;42.045.121;21.573.197;240
09.01.2022 18:30;;2.674.949;42.212.709;21.427.772;240
09.01.2022 18:45;;2.674.489;42.269.569;21.217.785;240
09.01.2022 19:00;;2.675.189;42.334.601;20.924.892;230.82
09.01.2022 19:15;;2.674.249;42.362.763;20677.36;230.82
09.01.2022 19:30;;2.672.189;42.310.012;20.481.334;230.82
09.01.2022 19:45;;2.672.099;42.217.438;20.200.143;230.82
09.01.2022 20:00;;2.672.279;42.597.239;19.950.192;214.02
09.01.2022 20:15;;2.673.399;42.556.552;19.628.053;214.02
09.01.2022 20:30;;2.672.329;42.456.581;19.187.134;214.02
09.01.2022 20:45;;2.672.299;42.568.604;18.582.063;214.02
09.01.2022 21:00;;2.673.469;42607.27;18.240.855;215.88
09.01.2022 21:15;;2.675.179;42.538.589;17.981.852;215.88
09.01.2022 21:30;;2.675.339;42.275.688;17.845.774;215.88
09.01.2022 21:45;;2.675.269;41.973.378;17.559.584;215.88
09.01.2022 22:00;;2.675.159;41.848.717;17.241.196;203.8
09.01.2022 22:15;;2.674.229;41.769.916;16.912.705;203.8
09.01.2022 22:30;;2.672.859;42.081.004;16.541.362;203.8
09.01.2022 22:45;;2.670.159;42.291.402;16.193.617;203.8
09.01.2022 23:00;;2.669.859;42.188.049;15.603.152;196.23
09.01.2022 23:15;;2.674.089;42386.15;15.282.244;196.23
09.01.2022 23:30;;2.675.269;42.621.464;15.062.529;196.23
09.01.2022 23:45;;2.674.739;42.678.327;14.642.948;196.23
